Country,Year,Interest_Rate,Inflation,Unemployment,GDP_Growth,Public_Debt,Budget_Balance,Current_Account,FX_Reserves,Credit_Rating
United States,2000,9.23,2.27,3.99,4.08,33.27,13.36,-3.92,128.4,1
Canada,2000,7.27,4.37,6.83,5.14,58.74,92.81,2.48,32.43,2
United Kingdom,2000,5.96,1.12,5.56,4.34,87.6,118.88,-1.81,50.94,1
Germany,2000,4.75,-0.34,7.92,2.88,59.7,61.04,-1.51,87.5,1
France,2000,4.75,1.42,10.22,4.14,58.9,-86.44,1.18,63.73,1
Italy,2000,7.02,1.76,10.83,3.88,105.1,-44.82,-0.27,47.2,3
Spain,2000,4.75,3.41,13.78,5.2,56.44,-28.99,-4.26,35.61,2
Netherlands,2000,4.79,3.27,2.72,4.22,50.7,84.53,1.74,17.69,1
Sweden,2000,5.77,1.57,5.47,4.63,53.9,114.75,4.45,16.5,2
Switzerland,2000,3.34,1.37,2.66,3.96,25.78,73.29,10.49,53.62,1
Australia,2000,7.72,2.55,6.29,3.92,29.52,94.36,-3.72,18.82,2
Japan,2000,2.07,-1.34,4.75,2.76,134.1,-7.5,2.63,361.64,2
"Korea, Rep.",2000,8.54,1.02,4.06,9.06,18.1,1.3,1.77,96.25,8
Singapore,2000,5.83,3.86,3.7,9.04,83.84,540.33,11.07,81.08,1
Norway,2000,4.35,15.33,3.46,3.32,29.2,747.63,14.63,27.92,1
China,2000,5.85,2.1,3.26,8.59,16.3,-2.8,1.68,171.76,9
India,2000,12.29,3.64,7.62,3.84,55.0,-182.7,-0.98,41.06,11
Indonesia,2000,18.45,20.45,6.08,4.92,89.1,-1.6,4.84,29.35,16
Malaysia,2000,7.67,8.86,3.0,8.86,32.4,-183.72,9.05,28.65,8
Thailand,2000,7.83,1.33,2.39,4.46,21.96,-10.85,7.37,32.67,10
Philippines,2000,10.91,5.82,3.77,4.38,58.6,-179.61,-2.66,15.07,11
Brazil,2000,56.83,5.61,10.89,4.39,63.5,-62.01,-4.05,33.02,14
Mexico,2000,16.93,10.7,2.65,5.03,18.19,-52.47,-2.53,35.58,11
Chile,2000,14.84,4.56,10.49,4.97,13.15,-23.0,-1.15,15.06,7
Colombia,2000,18.79,33.68,20.52,2.92,17.71,-18.73,0.85,9.01,12
South Africa,2000,14.5,9.18,22.71,4.2,39.64,-93.31,-0.13,7.7,8
Turkiye,2000,38.0,49.36,6.5,6.93,39.4,-10.5,-3.62,23.51,14
Poland,2000,19.0,6.06,14.93,4.66,36.8,-24.31,-5.98,27.47,8
Hungary,2000,12.6,9.6,6.56,4.41,61.14,-145.98,-8.83,11.22,8
Romania,2000,53.85,43.18,6.97,2.46,22.5,-4.7,-3.64,3.4,14
Argentina,2000,10.56,1.04,15.0,-0.79,38.9,-2.4,-3.16,25.15,12
Pakistan,2000,7.26,68.01,0.63,4.26,55.03,-196.36,-0.09,2.09,16
"Egypt, Arab Rep.",2000,13.22,3.94,8.98,6.37,79.5,-3.5,-0.97,13.79,13
Ghana,2000,27.0,27.23,10.46,3.7,94.2,-8.5,-7.75,0.31,15
Nigeria,2000,21.27,22.67,3.96,5.02,63.4,-3.5,10.74,10.1,16
Tunisia,2000,6.5,3.28,14.94,4.71,56.72,-3.1,-3.83,1.87,9
Ukraine,2000,41.53,27.5,11.71,5.9,43.73,-28.57,4.15,1.48,16
Sri Lanka,2000,14.25,7.28,7.74,6.0,96.9,-403.12,-6.39,1.13,13
United States,2001,6.92,2.25,4.73,0.96,52.44,4.17,-3.72,130.08,1
Canada,2001,5.81,1.57,7.22,1.88,57.46,68.67,2.13,34.25,2
United Kingdom,2001,5.12,1.51,4.7,2.57,84.36,32.25,-1.77,47.42,1
Germany,2001,4.25,1.43,7.77,1.64,58.8,-75.93,-0.17,82.13,1
France,2001,4.25,1.9,8.61,1.9,58.0,-89.91,1.53,58.64,1
Italy,2001,7.29,3.06,9.6,2.01,105.4,-139.41,0.15,46.22,3
Spain,2001,4.25,4.16,10.35,3.92,52.0,-0.51,-4.33,34.24,2
Netherlands,2001,5.0,4.37,2.12,2.32,47.5,-16.33,2.27,16.9,1
Sweden,2001,5.73,2.59,4.73,1.36,54.7,87.05,6.17,15.63,2
Switzerland,2001,3.34,0.97,2.49,1.58,24.7,10.49,6.67,51.55,1
Australia,2001,6.84,4.63,6.75,2.03,27.69,38.12,-2.1,18.66,2
Japan,2001,1.97,-1.08,5.02,0.39,142.3,-6.3,1.97,401.96,3
"Korea, Rep.",2001,7.71,3.48,3.7,4.85,19.9,1.2,0.4,102.88,8
Singapore,2001,5.65,-1.81,3.76,-1.07,93.94,270.46,14.43,76.6,1
Norway,2001,4.35,1.71,3.74,2.07,27.0,670.36,15.81,23.6,1
China,2001,5.85,2.21,3.8,8.31,17.7,-2.6,1.28,220.06,9
India,2001,12.08,3.22,7.65,4.82,59.02,-208.2,0.29,49.05,11
Indonesia,2001,18.55,14.3,6.08,3.64,77.0,-2.4,4.3,28.1,16
Malaysia,2001,7.13,-1.58,3.53,0.52,35.8,-160.65,7.85,29.85,8
Thailand,2001,7.27,1.92,2.6,3.44,24.58,-12.64,4.24,33.04,10
Philippines,2001,12.4,5.62,3.7,3.05,59.26,-4.0,-2.22,15.68,11
Brazil,2001,57.62,8.23,10.65,1.39,66.2,-70.46,-4.44,35.87,14
Mexico,2001,12.79,6.47,2.63,-0.45,22.7,-0.7,-2.23,44.8,11
Chile,2001,11.89,4.28,10.39,3.15,14.9,-21.57,-1.54,14.4,7
Colombia,2001,20.72,6.52,15.04,1.68,46.8,-155.19,-1.06,10.24,12
South Africa,2001,13.77,7.8,22.6,2.7,42.9,-43.41,0.25,7.63,8
Turkiye,2001,55.0,52.98,8.38,-5.75,76.1,-16.1,1.86,19.91,14
Poland,2001,15.5,3.2,18.43,1.23,37.6,-146.86,-3.1,26.56,8
Hungary,2001,12.12,11.03,5.67,4.06,59.31,-215.5,-6.11,10.76,8
Romania,2001,45.4,37.96,6.56,5.22,25.7,-3.5,-5.52,4.86,14
Argentina,2001,10.56,-1.1,17.32,-4.41,53.7,-3.4,-1.41,14.56,16
Pakistan,2001,7.26,6.01,0.63,3.65,84.7,-180.17,1.93,4.22,16
"Egypt, Arab Rep.",2001,13.29,1.87,9.26,3.54,77.2,-5.8,-0.4,13.6,13
Ghana,2001,27.0,34.82,9.6,4.0,103.5,-299.3,-8.04,0.38,15
Nigeria,2001,23.44,10.08,3.91,5.92,66.5,-3.8,3.37,10.65,16
Tunisia,2001,6.5,3.91,14.4,3.8,56.47,-2.6,-3.81,2.05,9
Ukraine,2001,32.28,10.2,11.06,8.8,36.5,-38.08,3.37,3.09,16
Sri Lanka,2001,14.25,13.66,7.9,-1.55,103.22,-448.38,-1.37,1.36,13
United States,2002,4.67,1.55,5.78,1.7,53.86,-138.3,-4.17,157.76,1
Canada,2002,4.21,1.26,7.66,3.0,54.15,62.56,1.65,37.19,2
United Kingdom,2002,4.0,2.12,5.04,1.8,86.4,-94.15,-1.97,54.96,1
Germany,2002,3.25,1.5,8.48,-0.23,60.0,-100.72,1.98,89.14,1
France,2002,3.25,2.06,8.7,1.07,60.3,-168.44,1.18,61.7,1
Italy,2002,6.54,3.31,9.21,0.27,102.4,-110.93,-0.49,55.62,3
Spain,2002,3.25,4.09,11.15,2.76,50.15,6.58,-3.63,40.3,2
Netherlands,2002,3.96,3.88,2.55,0.25,47.4,-84.51,2.32,18.95,1
Sweden,2002,5.79,1.62,4.96,2.28,52.5,-33.75,4.66,19.17,2
Switzerland,2002,3.34,-0.25,2.92,-0.07,29.74,9.2,6.87,61.28,1
Australia,2002,6.36,2.84,6.38,3.98,25.88,-22.53,-4.04,21.57,2
Japan,2002,1.86,-1.39,5.39,0.04,149.3,-8.0,2.6,469.62,3
"Korea, Rep.",2002,6.77,3.03,3.05,7.73,19.2,2.8,0.65,121.5,8
Singapore,2002,5.35,-0.9,5.65,3.92,106.33,224.25,14.88,83.41,1
Norway,2002,4.35,-1.52,4.02,1.38,30.9,431.48,12.39,32.4,1
China,2002,5.31,0.64,4.24,9.24,18.5,-64.34,2.38,297.74,9
India,2002,11.92,3.72,7.75,3.8,62.55,-222.8,1.37,71.61,11
Indonesia,2002,18.95,5.9,6.6,4.5,32.22,-31.57,4.0,32.03,16
Malaysia,2002,6.53,3.13,3.48,5.39,43.05,-252.77,7.13,33.76,8
Thailand,2002,6.363333333333333,1.69,1.82,6.15,30.07,-40.71,3.47,38.9,10
Philippines,2002,9.14,4.23,3.62,3.72,64.72,-5.3,-0.33,16.32,11
Brazil,2002,62.88,9.8,10.64,3.05,74.6,-39.57,-1.85,37.83,14
Mexico,2002,8.21,5.5,3.0,-0.24,23.2,-1.2,-1.53,50.67,10
Chile,2002,7.76,3.34,10.17,3.2,15.3,-60.27,-0.83,15.34,7
Colombia,2002,16.33,5.97,14.48,2.5,50.8,-212.49,-1.32,10.84,12
South Africa,2002,15.75,12.54,22.55,3.7,39.6,-75.72,0.78,7.82,8
Turkiye,2002,44.0,37.57,10.36,6.45,69.9,-10.3,-0.26,28.35,14
Poland,2002,8.75,1.82,20.21,1.9,42.2,-218.51,-2.78,29.78,8
Hungary,2002,10.17,8.05,5.61,4.73,58.99,-401.21,-6.45,10.38,8
Romania,2002,35.42,22.71,8.11,5.7,24.9,-2.0,-3.31,7.29,14
Argentina,2002,10.56,30.56,19.59,-10.89,166.4,-234.95,8.97,10.49,16
Pakistan,2002,7.26,3.92,0.64,2.59,80.1,-137.31,3.94,8.8,16
"Egypt, Arab Rep.",2002,13.79,3.17,10.01,2.39,78.6,-6.1,0.73,14.08,13
Ghana,2002,24.5,22.82,8.7,4.5,106.8,-230.97,-1.71,0.64,15
Nigeria,2002,24.77,21.11,3.68,15.33,61.9,-3.5,1.14,7.57,16
Tunisia,2002,6.5,2.28,14.55,1.32,55.93,-2.7,-3.22,2.36,9
Ukraine,2002,25.35,5.25,10.14,5.34,33.5,15.43,7.23,4.46,16
Sri Lanka,2002,13.17,8.11,8.76,3.96,105.52,-356.36,-1.43,1.71,13
United States,2003,4.12,1.97,5.99,2.8,56.25,-197.77,-4.56,184.02,1
Canada,2003,4.69,3.25,7.57,1.81,51.27,52.1,1.16,36.27,2
United Kingdom,2003,3.7,2.39,4.81,3.15,86.69,-170.66,-1.83,56.35,1
Germany,2003,2.0,1.32,9.78,-0.53,63.9,-108.4,1.53,96.84,1
France,2003,2.0,1.8,8.31,0.97,64.4,-206.16,0.87,70.76,1
Italy,2003,5.83,3.17,8.87,0.07,101.3,-148.76,-0.77,63.26,3
Spain,2003,2.0,4.0,11.28,2.94,45.48,17.23,-3.81,26.81,2
Netherlands,2003,3.0,2.29,3.59,0.1,48.0,-142.78,5.13,21.6,1
Sweden,2003,5.02,1.85,5.56,1.88,51.7,-35.09,5.86,22.17,2
Switzerland,2003,3.34,1.18,4.12,-0.03,28.8,-35.06,10.79,69.56,1
Australia,2003,6.61,2.99,5.93,3.09,25.07,38.48,-6.27,33.26,1
Japan,2003,1.82,-1.61,5.25,1.54,157.5,-8.0,3.08,673.55,3
"Korea, Rep.",2003,6.24,3.45,3.35,3.15,21.6,0.5,1.61,155.47,8
Singapore,2003,5.31,-1.8,5.93,4.55,108.59,137.49,24.3,97.74,1
Norway,2003,4.35,2.86,4.22,0.94,39.9,394.32,12.07,37.71,1
China,2003,5.31,2.64,4.58,10.12,18.6,-58.86,2.56,416.2,9
India,2003,11.46,3.87,7.68,7.86,62.19,-167.61,1.44,103.74,11
Indonesia,2003,16.93,5.49,6.66,4.78,29.72,-90.41,3.45,36.26,16
Malaysia,2003,6.3,3.3,3.61,5.79,45.08,-223.88,12.14,44.31,7
Thailand,2003,5.456666666666666,2.15,1.54,7.19,27.05,71.34,3.13,42.16,8
Philippines,2003,9.47,3.19,3.53,5.09,71.12,-201.2,0.33,17.08,11
Brazil,2003,67.08,14.09,11.17,1.14,69.3,-146.98,0.39,49.3,14
Mexico,2003,7.02,4.28,3.46,1.19,23.5,-0.7,-0.53,59.03,10
Chile,2003,6.18,4.3,9.76,4.72,12.4,-25.75,0.21,15.84,7
Colombia,2003,15.19,6.83,13.22,3.92,52.54,-221.57,-0.96,10.92,12
South Africa,2003,14.96,6.4,22.63,2.95,37.0,-126.98,-0.78,8.15,8
Turkiye,2003,26.0,23.29,10.54,5.76,59.2,-8.8,-2.4,35.55,14
Poland,2003,5.25,0.77,19.9,3.52,47.1,-250.62,-2.5,33.96,8
Hungary,2003,9.6,5.41,5.79,3.94,59.83,-343.53,-8.26,12.79,8
Romania,2003,25.43,23.15,6.95,2.34,21.5,-1.5,-5.73,9.45,14
Argentina,2003,10.56,10.5,15.36,8.84,138.7,-110.71,6.38,14.16,16
Pakistan,2003,7.26,3.55,0.63,5.4,76.2,-138.6,3.18,11.82,16
"Egypt, Arab Rep.",2003,13.53,6.78,10.91,3.19,82.3,-6.2,4.66,14.6,13
Ghana,2003,21.5,28.7,7.72,5.2,98.7,-159.72,1.33,1.47,15
Nigeria,2003,20.71,9.8,3.65,7.35,58.3,-43.81,3.24,7.42,16
Tunisia,2003,6.5,2.68,14.51,4.7,55.02,-107.45,-2.66,3.04,9
Ukraine,2003,17.89,8.16,9.06,9.52,29.0,-8.69,5.58,6.95,16
Sri Lanka,2003,10.35,8.75,8.22,5.94,102.27,-302.65,-0.37,2.33,13
United States,2004,4.34,2.69,5.53,3.85,56.66,-179.85,-5.2,190.46,1
Canada,2004,4.0,3.26,7.18,3.09,46.8,63.62,2.26,34.48,2
United Kingdom,2004,4.38,2.59,4.59,2.46,90.51,-149.84,-2.29,62.14,1
Germany,2004,2.0,1.16,10.73,1.16,65.8,-112.51,4.53,97.17,1
France,2004,2.0,1.63,8.91,2.87,65.9,-167.62,0.43,77.35,1
Italy,2004,5.51,2.63,7.87,1.47,100.1,-120.78,-0.5,62.39,3
Spain,2004,2.0,3.91,11.09,3.11,43.44,-14.05,-5.42,19.76,2
Netherlands,2004,2.75,1.2,4.65,2.02,49.0,-80.07,6.7,21.6,1
Sweden,2004,4.18,0.41,6.69,4.18,50.3,6.01,5.96,24.77,1
Switzerland,2004,3.34,0.3,4.32,2.7,29.37,-42.36,12.49,74.57,1
Australia,2004,7.05,3.23,5.4,4.22,22.86,35.98,-6.72,36.93,1
Japan,2004,1.77,-1.12,4.73,2.19,165.3,-6.2,3.72,844.67,3
"Korea, Rep.",2004,5.9,3.13,3.42,5.2,23.7,1.2,3.69,199.2,8
Singapore,2004,5.3,3.96,5.84,9.94,101.78,182.66,19.31,114.16,1
Norway,2004,4.35,5.85,4.26,4.01,45.1,531.45,12.44,44.31,1
China,2004,5.58,6.99,4.49,10.13,18.4,-48.67,3.47,622.95,9
India,2004,10.92,5.73,7.62,7.92,62.59,-149.39,0.11,131.63,11
Indonesia,2004,14.12,8.55,7.3,5.03,56.2,-48.4,0.61,36.31,16
Malaysia,2004,6.05,6.01,3.54,6.78,45.7,-140.22,12.09,66.39,7
Thailand,2004,4.55,3.57,1.51,6.29,24.4,50.16,1.6,49.85,8
Philippines,2004,10.08,5.89,3.55,6.57,71.6,-172.04,1.71,16.23,11
Brazil,2004,54.92,7.75,10.07,5.76,65.9,-62.9,1.34,52.93,14
Mexico,2004,7.44,8.12,3.94,3.57,22.7,-0.3,-0.46,64.2,10
Chile,2004,5.13,7.02,10.16,6.67,10.7,91.23,3.26,16.0,7
Colombia,2004,15.08,7.28,13.72,5.33,43.0,-205.75,-0.66,13.54,12
South Africa,2004,11.29,6.04,22.54,4.55,34.6,-91.75,-2.51,14.89,8
Turkiye,2004,18.0,12.43,10.84,9.8,52.3,-4.9,-3.47,37.3,14
Poland,2004,6.5,4.93,18.82,5.09,45.7,-248.23,-5.97,36.77,8
Hungary,2004,12.82,5.14,5.83,4.96,63.07,-280.84,-9.08,15.97,8
Romania,2004,25.61,15.46,7.72,10.43,18.7,-1.2,-8.51,16.1,14
Argentina,2004,10.56,18.36,13.52,9.03,127.4,-17.53,1.95,19.66,16
Pakistan,2004,7.26,7.25,0.61,7.83,70.1,-91.91,-0.62,10.72,16
"Egypt, Arab Rep.",2004,13.38,11.67,10.32,4.09,88.9,-6.9,4.98,15.34,13
Ghana,2004,18.5,14.35,6.76,5.6,81.6,-73.39,-6.65,1.75,15
Nigeria,2004,19.18,22.37,3.6,9.25,52.7,-8.66,12.4,17.26,16
Tunisia,2004,5.0,3.35,14.23,6.24,53.84,-121.68,-1.42,4.03,9
Ukraine,2004,17.4,15.31,8.59,11.8,24.7,-146.84,10.28,9.72,16
Sri Lanka,2004,9.47,8.8,8.38,5.45,102.33,-324.18,-3.13,2.2,13
United States,2005,6.19,3.14,5.08,3.48,56.54,-139.5,-5.75,188.26,1
Canada,2005,4.42,3.12,6.76,3.21,46.06,43.32,1.87,33.02,2
United Kingdom,2005,4.65,2.94,4.84,2.73,92.16,-136.54,-1.98,59.14,1
Germany,2005,2.25,0.53,11.19,0.89,67.9,-104.24,4.64,101.68,1
France,2005,2.25,1.96,8.88,1.89,67.4,-132.44,-0.01,74.36,1
Italy,2005,5.31,2.08,7.73,0.76,102.6,-163.06,-0.9,65.95,3
Spain,2005,2.25,4.21,9.15,3.55,40.23,56.1,-7.21,17.23,2
Netherlands,2005,2.77,1.98,5.87,2.03,48.9,-12.74,6.04,20.45,1
Sweden,2005,3.53,0.76,7.81,2.79,50.4,40.29,6.02,24.87,1
Switzerland,2005,3.34,0.92,4.44,2.75,29.4,-21.25,11.36,57.58,1
Australia,2005,7.26,3.83,5.04,3.15,22.41,52.06,-6.23,43.26,1
Japan,2005,1.68,-1.19,4.45,1.8,175.3,-100.75,3.52,846.9,3
"Korea, Rep.",2005,5.59,1.04,3.48,4.31,26.5,0.5,1.31,210.55,8
Singapore,2005,5.3,1.9,5.59,7.37,94.97,272.86,23.26,118.06,1
Norway,2005,4.35,8.76,4.38,2.69,44.7,661.1,16.12,46.99,1
China,2005,5.58,3.75,4.52,11.46,17.5,-12.72,5.71,831.41,9
India,2005,10.75,5.62,7.55,7.92,62.23,-134.26,-1.25,137.82,11
Indonesia,2005,14.05,14.33,7.94,5.69,45.7,-3.53,0.1,34.73,16
Malaysia,2005,5.95,8.86,3.53,5.33,42.07,-129.24,13.92,70.46,7
Thailand,2005,4.72,5.09,1.35,4.19,25.46,105.74,-4.04,52.08,8
Philippines,2005,10.18,5.91,3.8,4.94,65.71,-126.4,1.85,18.47,11
Brazil,2005,55.38,7.43,10.55,3.2,67.4,-121.77,1.31,53.8,14
Mexico,2005,9.7,5.88,3.56,2.11,21.4,-0.1,-0.62,74.11,10
Chile,2005,6.68,7.12,9.34,5.84,7.3,190.88,1.91,16.93,7
Colombia,2005,14.56,4.75,11.06,4.83,40.3,-29.61,-1.34,14.95,12
South Africa,2005,10.62,5.6,22.46,5.28,31.5,-8.63,-2.77,20.62,8
Turkiye,2005,13.5,7.09,10.64,8.99,46.1,-1.3,-4.14,52.49,14
Poland,2005,4.5,2.62,17.59,3.26,47.1,-180.83,-3.3,42.56,8
Hungary,2005,8.54,2.62,7.19,4.3,65.29,-333.56,-9.89,18.6,8
Romania,2005,19.6,12.01,7.17,4.67,15.8,-1.2,-8.67,21.6,14
Argentina,2005,10.56,10.32,11.51,8.85,72.6,1.3,2.65,28.08,16
Pakistan,2005,9.07,5.56,0.58,7.28,63.0,-144.04,-2.48,11.11,16
"Egypt, Arab Rep.",2005,13.14,6.21,11.05,4.47,95.4,-8.2,2.35,21.86,13
Ghana,2005,15.5,14.96,5.82,5.9,62.8,-54.95,-10.28,1.9,15
Nigeria,2005,17.95,19.86,3.73,6.44,20.4,13.6,20.79,28.63,16
Tunisia,2005,5.0,4.18,12.87,3.49,52.42,-130.16,-0.93,4.55,9
Ukraine,2005,16.17,24.1,7.18,3.07,17.7,-60.05,2.84,19.39,16
Sri Lanka,2005,10.76,10.42,7.67,6.24,90.6,-307.75,-2.66,2.73,13
United States,2006,7.96,3.08,4.62,2.78,55.47,-93.64,-5.91,221.09,1
Canada,2006,5.81,2.57,6.48,2.64,43.29,63.15,1.36,35.06,2
United Kingdom,2006,4.64,2.79,5.41,2.38,92.16,-118.11,-3.12,63.82,1
Germany,2006,3.5,0.45,10.28,3.86,67.6,-56.72,5.84,111.64,1
France,2006,3.5,2.0,8.83,2.71,64.6,-100.45,0.02,98.24,1
Italy,2006,5.62,2.22,6.78,1.8,103.3,-110.31,-1.45,75.77,4
Spain,2006,3.5,4.07,8.45,4.04,35.75,79.43,-8.79,19.34,2
Netherlands,2006,3.54,2.58,5.01,3.54,44.3,14.4,7.75,23.9,1
Sweden,2006,3.68,1.75,7.07,4.68,45.0,51.81,8.16,28.02,1
Switzerland,2006,3.34,2.15,4.0,4.07,25.77,16.49,12.48,64.46,1
Australia,2006,7.61,5.12,4.78,2.76,21.44,69.63,-6.18,55.08,1
Japan,2006,1.66,-0.86,4.19,1.37,175.4,-21.2,3.8,895.32,3
"Korea, Rep.",2006,5.99,-0.22,3.25,5.26,28.7,1.0,0.2,239.15,8
Singapore,2006,5.31,1.84,4.48,9.01,82.84,244.36,26.89,138.65,1
Norway,2006,4.35,8.73,3.4,2.46,56.3,763.63,16.12,56.84,1
China,2006,6.12,4.02,4.43,12.67,16.2,-6.94,8.31,1080.76,9
India,2006,11.19,8.4,7.55,8.06,59.67,-96.76,-0.99,178.05,11
Indonesia,2006,15.98,14.09,7.55,5.5,39.0,-17.49,2.98,42.6,16
Malaysia,2006,6.49,3.98,3.32,5.58,40.59,-101.66,16.1,82.88,7
Thailand,2006,6.27,5.1,1.22,4.97,24.38,76.67,1.04,67.01,8
Philippines,2006,9.78,5.11,4.05,5.32,58.8,-53.09,5.45,22.96,11
Brazil,2006,50.81,6.77,9.69,3.96,64.9,-106.22,0.97,85.84,14
Mexico,2006,7.51,6.11,3.57,4.81,20.7,-0.1,-0.32,76.33,10
Chile,2006,8.0,12.35,9.02,6.05,5.3,308.78,5.5,19.4,7
Colombia,2006,12.89,5.81,11.09,6.72,36.8,-69.94,-1.85,15.44,12
South Africa,2006,11.17,6.06,22.32,5.6,29.5,38.17,-4.0,25.59,8
Turkiye,2006,17.5,9.38,10.23,6.95,39.9,-0.6,-5.59,63.26,14
Poland,2006,4.0,1.75,13.79,6.2,47.7,-149.7,-4.65,48.47,8
Hungary,2006,8.08,3.67,7.49,3.93,68.45,-369.76,-7.29,21.59,8
Romania,2006,13.98,10.61,7.27,8.03,12.4,-2.2,-10.67,30.21,14
Argentina,2006,10.56,13.74,10.08,8.05,63.0,1.7,2.79,32.02,16
Pakistan,2006,10.99,6.0,0.58,6.05,56.1,-175.04,-4.17,12.88,16
"Egypt, Arab Rep.",2006,12.6,7.36,10.49,6.84,91.8,-7.6,2.45,26.01,13
Ghana,2006,12.5,84.68,4.9,6.4,38.4,-176.67,-5.06,2.27,15
Nigeria,2006,16.89,23.86,3.76,6.06,11.0,-21.93,15.31,42.74,13
Tunisia,2006,5.25,3.83,12.51,5.24,48.56,-108.85,-1.8,6.91,9
Ukraine,2006,15.17,14.85,6.81,7.57,14.8,-43.42,-1.45,22.36,16
Sri Lanka,2006,12.85,11.28,6.5,7.67,88.7,-289.42,-5.3,2.83,13
United States,2007,8.05,2.71,4.62,2.0,55.66,-103.9,-5.09,277.55,1
Canada,2007,6.1,3.3,6.16,2.05,39.16,64.3,0.75,41.08,2
United Kingdom,2007,5.51,2.25,5.34,2.62,93.8,-108.71,-3.73,77.72,1
Germany,2007,4.0,1.84,8.73,2.89,64.9,-15.64,6.71,135.93,1
France,2007,4.0,2.39,8.01,2.53,64.4,-98.37,-0.33,115.49,1
Italy,2007,6.33,2.47,6.08,1.46,99.8,-63.07,-1.36,94.11,4
Spain,2007,4.0,3.56,8.23,3.53,31.73,83.48,-9.37,19.03,2
Netherlands,2007,4.6,2.05,4.15,3.89,42.7,6.69,5.86,26.93,1
Sweden,2007,4.215,2.92,6.16,3.22,40.2,81.84,8.15,31.03,1
Switzerland,2007,3.34,2.38,3.64,3.92,23.66,26.54,8.32,75.17,1
Australia,2007,8.2,4.99,4.38,3.77,20.1,60.74,-7.57,26.91,1
Japan,2007,1.88,-0.71,3.89,1.48,175.4,-60.84,4.62,973.3,3
"Korea, Rep.",2007,6.55,2.42,3.01,5.8,28.7,2.1,0.89,262.53,8
Singapore,2007,5.33,5.92,3.9,9.02,77.28,442.41,27.14,166.16,1
Norway,2007,4.35,3.08,2.49,2.91,54.9,691.51,12.35,60.84,1
China,2007,7.47,7.91,4.35,14.15,20.2,0.6,9.8,1546.36,9
India,2007,13.02,6.94,7.56,7.66,57.5,-22.06,-0.66,276.58,10
Indonesia,2007,13.86,11.26,8.06,6.35,35.2,-28.59,2.43,56.94,16
Malaysia,2007,6.41,4.88,3.23,6.3,40.09,-108.97,15.38,101.99,7
Thailand,2007,6.05,2.47,1.18,5.44,22.99,2.53,5.93,87.47,8
Philippines,2007,8.69,3.16,3.43,6.52,51.57,-55.54,5.17,33.74,11
Brazil,2007,43.72,6.44,9.28,6.07,63.0,-68.87,-0.2,180.33,14
Mexico,2007,7.56,6.13,3.63,2.08,20.9,-0.1,-0.84,87.21,10
Chile,2007,8.67,5.09,8.43,5.17,4.0,327.19,5.06,16.84,7
Colombia,2007,15.38,5.2,11.2,6.74,32.7,-32.23,-2.98,20.95,12
South Africa,2007,13.17,8.25,22.29,5.36,26.7,40.91,-4.86,32.92,8
Turkiye,2007,17.25,6.2,10.28,5.04,33.7,-1.6,-5.42,76.5,14
Poland,2007,5.0,3.8,9.55,6.76,45.0,-78.9,-6.68,65.72,7
Hungary,2007,9.09,5.44,7.41,0.33,69.17,-202.96,-7.29,24.05,8
Romania,2007,13.35,15.82,6.41,7.23,12.8,-2.9,-13.7,39.97,14
Argentina,2007,10.56,14.94,8.47,9.01,55.7,1.4,2.1,46.15,16
Pakistan,2007,11.77,10.33,0.4,4.44,56.4,-166.32,-4.51,15.8,16
"Egypt, Arab Rep.",2007,12.51,12.6,8.8,7.09,85.79,-6.8,0.32,32.21,13
Ghana,2007,13.5,16.1,5.09,4.35,31.4,-197.88,-9.58,2.22,15
Nigeria,2007,16.94,7.1,3.8,6.59,12.8,-40.78,9.94,51.91,13
Tunisia,2007,5.25,2.13,12.36,6.71,45.78,-85.86,-2.36,8.03,9
Ukraine,2007,13.9,22.84,6.35,8.22,12.3,-34.05,-3.53,32.48,16
Sri Lanka,2007,17.08,14.03,5.97,6.8,84.99,-254.31,-4.33,3.52,13
United States,2008,5.09,1.93,5.78,0.11,63.82,-210.01,-4.72,294.05,1
Canada,2008,4.73,4.0,6.28,1.0,45.32,19.84,0.2,43.87,2
United Kingdom,2008,4.68,3.43,5.7,-0.25,105.41,-176.73,-3.89,64.79,1
Germany,2008,4.25,0.95,7.51,0.91,66.7,-15.52,5.58,138.56,1
France,2008,4.25,2.3,7.39,0.38,68.8,-107.81,-0.96,103.31,1
Italy,2008,6.84,2.4,6.72,-1.02,102.4,-93.46,-2.69,105.65,4
Spain,2008,4.25,2.45,11.25,0.77,35.7,-83.39,-8.82,20.29,2
Netherlands,2008,4.6,2.41,3.66,2.12,54.8,24.26,4.07,28.6,1
Sweden,2008,4.75,3.36,6.24,-0.92,38.8,50.18,7.93,29.73,1
Switzerland,2008,3.34,1.45,3.35,2.81,23.08,39.67,1.33,74.15,1
Australia,2008,8.91,4.57,4.24,3.59,18.18,64.15,-4.88,32.92,1
Japan,2008,1.91,-0.91,4.0,-1.22,183.0,-73.68,2.78,1030.76,3
"Korea, Rep.",2008,7.17,2.83,2.96,3.01,28.2,1.3,0.17,201.54,8
Singapore,2008,5.38,-1.38,3.96,1.86,96.41,288.54,15.08,177.54,1
Norway,2008,4.35,10.57,2.52,0.48,49.4,733.13,15.68,50.95,1
China,2008,5.31,7.86,4.59,9.67,17.0,-0.7,9.01,1966.04,9
India,2008,13.31,9.19,7.66,3.09,57.29,-169.71,-2.58,257.42,10
Indonesia,2008,13.6,18.15,7.21,6.01,34.23,-9.38,0.02,51.64,16
Malaysia,2008,6.08,10.39,3.32,4.83,39.8,-151.4,16.86,92.17,7
Thailand,2008,5.82,5.13,1.18,1.73,22.45,15.62,0.32,111.01,8
Philippines,2008,8.75,7.18,3.72,4.34,52.43,-44.73,0.08,37.5,11
Brazil,2008,47.25,8.78,8.27,5.09,62.2,-44.53,-2.1,193.78,10
Mexico,2008,8.71,6.31,3.87,0.94,24.8,-0.1,-1.41,95.3,10
Chile,2008,13.26,0.31,9.28,3.79,5.2,165.2,-4.19,23.08,7
Colombia,2008,17.18,7.68,11.27,3.28,65.25,-213.06,-2.68,23.67,12
South Africa,2008,15.12,7.85,22.41,3.19,26.8,-23.94,-5.19,34.07,8
Turkiye,2008,16.75,12.05,10.96,0.82,40.89,-1.8,-5.12,73.67,14
Poland,2008,6.0,3.93,7.07,4.38,47.1,-142.4,-6.75,62.18,7
Hungary,2008,10.18,4.8,7.82,0.99,72.7,-150.02,-7.27,33.87,8
Romania,2008,14.99,16.01,5.79,9.31,13.4,-5.7,-11.66,39.77,14
Argentina,2008,10.56,23.17,7.84,4.06,48.6,0.8,1.5,46.39,16
Pakistan,2008,12.94,10.92,0.42,2.12,60.4,-269.13,-7.74,9.02,16
"Egypt, Arab Rep.",2008,12.32,12.2,8.52,7.16,70.1,-6.8,-0.87,34.33,13
Ghana,2008,17.0,19.41,5.14,9.15,30.7,-209.77,-11.6,2.01,15
Nigeria,2008,15.14,7.92,3.8,6.76,11.6,-27.03,8.59,53.6,13
Tunisia,2008,5.25,6.34,12.44,4.24,43.29,-26.25,-3.81,9.04,9
Ukraine,2008,17.49,29.02,6.36,2.24,13.23,-54.26,-6.79,31.54,16
Sri Lanka,2008,18.89,16.33,5.22,5.95,81.4,-229.9,-9.54,2.62,13
United States,2009,3.25,0.62,9.25,-2.58,75.84,-370.74,-2.62,404.1,1
Canada,2009,2.4,-2.32,8.46,-2.92,53.19,-42.94,-2.97,54.36,2
United Kingdom,2009,0.64,1.9,7.63,-4.62,123.73,-368.2,-3.04,79.45,1
Germany,2009,1.0,1.99,7.88,-5.55,73.5,-78.03,5.87,179.04,1
France,2009,1.0,0.11,9.12,-2.82,83.0,-252.41,-0.82,131.79,1
Italy,2009,4.76,1.77,7.75,-5.31,112.5,-175.89,-1.77,131.5,4
Spain,2009,1.0,0.23,17.86,-3.77,48.2,-276.39,-3.94,28.05,2
Netherlands,2009,1.98,0.44,4.35,-3.67,56.8,-170.47,3.35,39.28,1
Sweden,2009,0.25,2.36,8.35,-4.26,42.6,-30.11,5.97,47.26,1
Switzerland,2009,2.75,0.46,4.11,-2.3,21.7,2.53,5.85,134.57,1
Australia,2009,6.02,4.95,5.56,1.89,23.87,-85.63,-5.23,41.74,1
Japan,2009,1.72,-0.57,5.07,-5.69,201.0,-188.48,2.75,1051.65,3
"Korea, Rep.",2009,5.65,3.61,3.36,0.79,32.5,-2.3,3.51,270.44,8
Singapore,2009,5.38,2.95,5.86,0.13,106.37,55.22,16.39,192.05,1
Norway,2009,4.35,-5.12,3.1,-1.94,43.5,383.76,11.64,48.86,1
China,2009,5.31,-0.08,4.72,9.4,17.7,-3.1,4.69,2452.9,9
India,2009,12.19,7.04,7.66,7.86,55.26,-180.76,-1.95,284.68,10
Indonesia,2009,14.5,8.27,6.11,4.63,30.0,-46.81,1.97,66.12,16
Malaysia,2009,5.08,-5.99,3.66,-1.51,50.84,-211.21,15.72,96.7,7
Thailand,2009,4.78,0.19,1.49,-0.69,26.78,-104.95,7.88,138.42,8
Philippines,2009,8.57,2.74,3.86,1.45,52.4,-128.36,4.8,44.21,11
Brazil,2009,44.65,7.31,9.42,-0.13,60.0,-117.4,-1.76,238.54,10
Mexico,2009,7.07,5.24,5.36,-6.3,28.0,-2.3,-0.75,99.89,10
Chile,2009,7.25,3.58,11.31,-1.12,6.2,-149.78,1.44,25.29,7
Colombia,2009,13.01,4.06,12.07,1.14,69.0,-199.25,-1.91,24.99,12
South Africa,2009,11.71,8.66,23.52,-1.54,31.6,-172.1,-2.38,39.6,8
Turkiye,2009,6.5,5.45,14.03,-4.82,48.47,-5.5,-1.75,74.93,14
Poland,2009,3.5,3.89,8.13,2.62,50.9,-212.48,-3.95,79.52,7
Hungary,2009,11.04,4.21,10.03,-6.74,81.27,-151.37,-1.22,44.18,8
Romania,2009,17.27,4.09,6.86,-5.52,23.6,-9.2,-4.73,44.38,14
Argentina,2009,10.56,15.38,8.64,-5.92,48.3,-2.0,2.18,48.01,16
Pakistan,2009,14.54,12.37,0.54,3.47,61.5,-158.2,-2.13,13.61,16
"Egypt, Arab Rep.",2009,11.97,11.19,9.09,4.67,73.6,-6.8,-1.77,34.9,13
Ghana,2009,18.0,15.67,5.35,4.84,34.8,-191.86,-7.28,3.69,15
Nigeria,2009,18.99,0.69,3.77,8.04,13.4,-64.19,4.7,43.13,13
Tunisia,2009,4.5,3.02,13.29,3.04,42.93,-54.46,-2.84,11.29,9
Ukraine,2009,20.86,12.63,8.84,-15.14,23.99,-190.57,-1.43,26.5,16
Sri Lanka,2009,15.67,5.88,5.85,3.54,86.06,-223.02,-0.51,5.35,13
United States,2010,3.25,1.22,9.63,2.7,84.96,-317.33,-2.87,488.93,1
Canada,2010,2.6,2.85,8.18,3.09,53.15,-56.87,-3.6,57.15,1
United Kingdom,2010,0.5,1.59,7.92,2.23,131.09,-262.4,-2.77,98.03,1
Germany,2010,1.0,0.68,7.04,4.15,82.4,-84.16,5.77,215.98,1
France,2010,1.0,1.09,9.28,2.0,85.3,-183.01,-0.83,165.85,1
Italy,2010,4.03,0.6,8.36,1.53,115.4,-103.85,-3.24,158.48,4
Spain,2010,1.0,0.29,19.86,0.09,49.96,-152.72,-3.58,31.87,3
Netherlands,2010,1.75,0.71,4.99,1.32,59.0,-108.87,6.41,46.15,1
Sweden,2010,1.25,1.03,8.61,5.75,39.4,-5.6,5.93,48.25,1
Switzerland,2010,2.73,0.31,4.81,3.24,20.99,0.86,13.03,270.48,1
Australia,2010,7.28,1.15,5.21,2.22,28.66,-109.04,-4.01,42.27,1
Japan,2010,1.6,-1.88,5.1,4.1,207.9,-182.09,3.84,1104.56,3
"Korea, Rep.",2010,5.51,2.74,3.32,6.8,30.3,-0.1,2.44,292.14,8
Singapore,2010,5.38,1.11,4.12,14.52,101.45,230.51,22.93,231.26,1
Norway,2010,4.35,5.96,3.53,0.79,43.0,361.16,11.66,53.22,1
China,2010,5.81,6.93,4.53,10.6,33.5,-1.7,3.84,2913.71,4
India,2010,8.33,10.53,7.65,8.5,51.59,-105.18,-3.25,300.48,10
Indonesia,2010,13.25,15.26,5.61,6.22,26.1,-9.75,0.68,96.21,16
Malaysia,2010,5.0,7.27,3.39,7.42,49.56,-154.46,10.06,106.53,7
Thailand,2010,4.33,4.08,0.62,7.51,26.9,-21.02,3.37,172.03,8
Philippines,2010,7.67,4.37,3.6,7.33,50.2,-103.83,3.45,62.33,11
Brazil,2010,39.99,8.42,8.42,7.53,61.32,-44.51,-3.93,288.57,10
Mexico,2010,5.28,4.37,5.3,4.97,31.1,-2.8,-0.34,120.58,10
Chile,2010,4.75,8.86,8.28,5.85,9.0,-12.46,0.9,27.83,7
Colombia,2010,9.38,3.8,11.15,4.49,72.45,-129.07,-3.0,28.08,12
South Africa,2010,9.83,6.13,24.68,3.04,35.0,-109.07,-1.3,43.82,8
Turkiye,2010,6.5,7.01,11.88,8.43,45.15,-2.9,-5.74,85.96,14
Poland,2010,3.5,1.58,9.58,3.17,54.8,-179.84,-5.17,93.47,7
Hungary,2010,7.59,2.53,11.17,1.07,81.45,-96.18,-0.19,44.99,8
Romania,2010,14.07,5.93,6.96,-3.91,30.5,-6.8,-4.99,48.05,14
Argentina,2010,10.56,20.92,7.71,10.13,41.7,-0.6,-0.38,52.21,16
Pakistan,2010,14.04,10.59,0.65,1.5,59.6,-159.87,-0.69,17.26,16
"Egypt, Arab Rep.",2010,11.01,10.11,8.76,5.15,73.1,-8.1,-2.06,37.03,13
Ghana,2010,13.5,16.6,5.38,7.9,42.7,-194.37,-8.53,5.16,15
Nigeria,2010,17.59,16.34,3.75,8.01,10.8,-41.1,3.57,33.31,13
Tunisia,2010,4.5,9.47,13.05,2.97,38.77,-40.72,-4.55,9.76,9
Ukraine,2010,15.87,13.67,8.1,4.09,28.87,-176.11,-2.14,34.57,16
Sri Lanka,2010,10.22,26.93,4.78,8.02,69.25,-173.27,-1.83,7.2,13
United States,2011,3.25,2.06,8.95,1.56,89.55,-236.99,-2.92,537.27,2
Canada,2011,3.0,3.24,7.64,3.14,54.12,-27.65,-2.77,65.82,1
United Kingdom,2011,0.5,2.2,8.17,1.14,143.76,-177.96,-1.63,109.73,1
Germany,2011,1.5,1.23,5.97,3.76,79.8,-11.65,6.26,234.1,1
France,2011,1.5,0.85,9.23,2.44,87.8,-120.89,-1.03,168.49,1
Italy,2011,4.6,1.73,8.36,0.7,116.5,-82.12,-2.74,169.87,4
Spain,2011,1.5,-0.15,21.39,-0.64,57.79,-83.98,-2.59,46.7,3
Netherlands,2011,2.0,0.24,4.98,1.77,61.7,-86.25,7.02,50.41,1
Sweden,2011,2.0,1.12,7.8,3.16,37.7,7.27,5.51,50.21,1
Switzerland,2011,2.72,-0.02,4.41,1.81,21.14,10.39,6.21,330.59,1
Australia,2011,7.74,6.2,5.08,2.41,30.1,-92.01,-3.26,46.71,1
Japan,2011,1.5,-1.62,4.55,0.02,219.1,-197.31,2.08,1295.84,3
"Korea, Rep.",2011,5.76,1.28,2.99,3.69,31.2,-0.5,1.33,306.93,8
Singapore,2011,5.38,1.17,3.89,6.21,104.79,233.3,22.22,243.8,1
Norway,2011,4.35,6.67,3.2,1.11,28.8,356.45,13.25,49.4,1
China,2011,6.56,8.02,4.55,9.46,33.4,-1.3,1.77,3254.67,4
India,2011,10.17,8.73,7.62,5.24,51.56,-74.56,-3.43,298.74,10
Indonesia,2011,12.4,7.47,5.15,6.17,24.4,-10.97,0.19,110.14,16
Malaysia,2011,4.92,5.41,3.05,5.29,50.03,-113.1,10.91,133.57,7
Thailand,2011,5.07,3.74,0.66,0.84,28.13,-28.72,2.54,174.89,8
Philippines,2011,6.66,3.92,3.59,3.86,48.81,-44.09,2.41,75.12,11
Brazil,2011,43.88,8.32,7.58,3.97,59.34,-60.47,-3.19,352.01,10
Mexico,2011,4.91,5.67,5.18,3.44,31.6,-2.5,-0.86,149.21,10
Chile,2011,9.03,3.26,7.28,6.22,11.2,32.32,-4.92,41.94,7
Colombia,2011,11.22,6.39,10.29,6.95,62.86,-21.72,-2.91,31.9,10
South Africa,2011,9.0,5.54,24.64,3.17,38.5,-105.04,-2.02,48.75,8
Turkiye,2011,5.75,8.2,9.79,11.2,40.08,-0.8,-8.87,87.94,14
Poland,2011,4.5,3.07,9.58,5.26,56.2,-100.78,-5.11,97.71,7
Hungary,2011,8.32,1.93,11.03,1.92,90.71,27.96,0.43,48.83,8
Romania,2011,12.13,3.98,7.18,4.5,34.2,-5.4,-4.82,48.04,14
Argentina,2011,14.09,23.7,7.18,6.0,38.9,-2.4,-1.01,46.27,16
Pakistan,2011,14.42,16.41,0.8,2.68,59.3,-173.16,-0.96,17.7,16
"Egypt, Arab Rep.",2011,11.03,11.66,11.85,1.76,76.6,-9.8,-2.32,18.64,13
Ghana,2011,12.5,13.91,4.23,14.05,43.1,-94.1,-9.0,5.91,14
Nigeria,2011,16.02,9.78,3.77,5.31,17.6,-37.59,2.57,33.69,13
Tunisia,2011,4.5,4.57,18.33,-2.05,42.48,-91.48,-7.04,7.79,9
Ukraine,2011,15.95,14.18,7.85,5.45,26.48,-57.94,-6.04,31.79,14
Sri Lanka,2011,9.41,3.98,4.12,8.67,68.53,-155.36,-6.81,6.74,13
United States,2012,3.25,1.86,8.07,2.29,93.65,-142.75,-2.57,574.27,2
Canada,2012,3.0,1.22,7.39,1.76,55.73,-6.21,-3.53,68.55,1
United Kingdom,2012,0.5,1.54,8.25,1.51,147.05,-125.14,-3.15,117.16,1
Germany,2012,0.75,1.43,5.37,0.47,81.0,1.21,7.19,248.86,1
France,2012,0.75,1.08,9.84,0.18,90.6,-90.5,-1.23,184.52,2
Italy,2012,5.22,1.7,10.66,-3.13,123.4,-61.28,-0.22,181.67,8
Spain,2012,0.75,-0.2,24.79,-2.87,77.45,-172.22,0.13,50.59,10
Netherlands,2012,1.62,1.33,5.82,-0.98,66.4,-67.59,7.5,54.82,1
Sweden,2012,1.0,0.95,7.98,-0.41,37.8,-10.26,5.53,52.25,1
Switzerland,2012,2.69,0.06,4.49,1.18,21.34,2.26,8.88,531.3,1
Australia,2012,6.97,1.81,5.22,3.92,39.44,-60.78,-4.44,49.14,1
Japan,2012,1.41,-0.76,4.36,1.37,229.0,-158.26,0.96,1268.09,3
"Korea, Rep.",2012,5.4,1.25,2.81,2.4,32.41,0.7,3.82,327.72,6
Singapore,2012,5.38,0.5,3.72,4.44,107.83,173.69,17.64,265.91,1
Norway,2012,4.35,3.35,3.13,2.72,29.0,289.21,12.38,51.86,1
China,2012,6.0,2.41,4.58,7.86,33.8,-1.6,2.48,3387.51,4
India,2012,10.6,7.93,7.67,5.46,50.68,-75.8,-5.0,300.43,10
Indonesia,2012,11.79,3.75,4.47,6.03,23.0,-10.56,-2.66,112.8,11
Malaysia,2012,4.79,1.0,3.1,5.47,51.65,-98.45,5.19,139.73,7
Thailand,2012,5.19,1.91,0.58,7.24,28.44,-38.33,-1.23,181.48,8
Philippines,2012,5.68,1.99,3.5,6.9,49.16,-40.93,2.65,83.79,11
Brazil,2012,36.64,7.94,7.25,1.92,59.85,-37.78,-3.76,373.16,10
Mexico,2012,4.68,4.54,4.89,3.55,34.8,-2.6,-1.41,167.08,10
Chile,2012,10.06,0.76,6.56,6.16,11.9,10.88,-5.33,41.65,4
Colombia,2012,12.59,3.62,9.96,3.91,65.23,53.91,-3.14,37.0,10
South Africa,2012,8.75,4.69,24.73,2.4,41.4,-95.11,-4.68,50.69,9
Turkiye,2012,5.5,7.42,9.21,4.79,37.96,-1.5,-4.75,119.18,14
Poland,2012,4.25,2.18,10.03,1.51,54.8,-71.13,-4.11,108.9,7
Hungary,2012,9.0,2.88,11.0,-1.34,94.4,-53.47,1.08,44.67,11
Romania,2012,11.33,3.81,6.79,1.9,37.3,-3.7,-4.58,46.71,14
Argentina,2012,14.06,22.31,7.22,-1.03,41.5,-2.6,-0.39,43.22,16
Pakistan,2012,13.52,9.92,3.67,3.03,63.6,-183.57,-0.94,13.69,16
"Egypt, Arab Rep.",2012,12.0,19.48,12.6,2.23,80.3,-10.8,-2.5,15.67,13
Ghana,2012,15.0,15.21,3.14,9.29,46.9,-11.8,-11.9,5.84,14
Nigeria,2012,16.79,9.95,3.76,4.23,17.5,-2.3,3.74,44.97,13
Tunisia,2012,4.5,4.66,17.63,4.22,42.52,-100.83,-7.87,8.72,9
Ukraine,2012,18.39,7.98,7.53,0.15,32.45,-81.18,-7.85,24.55,14
Sri Lanka,2012,13.28,10.46,3.88,8.63,66.75,-115.87,-5.69,7.11,14
United States,2013,3.25,1.7,7.38,2.12,95.32,-73.65,-2.01,448.51,2
Canada,2013,3.0,1.74,7.14,2.33,53.2,-0.22,-3.15,71.94,1
United Kingdom,2013,0.5,2.11,7.7,1.8,141.64,-32.88,-4.65,118.75,1
Germany,2013,0.5,2.0,5.32,0.39,78.7,-0.53,6.73,198.54,1
France,2013,0.5,0.75,9.91,0.78,93.4,-20.93,-0.6,145.16,2
Italy,2013,5.14,1.13,12.15,-1.82,129.0,-17.58,1.04,145.72,8
Spain,2013,0.5,0.44,26.09,-1.43,91.87,-28.63,2.08,46.34,10
Netherlands,2013,1.5,1.14,7.24,-0.03,67.7,-9.68,7.9,46.31,1
Sweden,2013,0.75,1.01,8.05,1.14,40.4,-7.56,4.33,65.36,1
Switzerland,2013,2.69,-0.09,4.75,1.79,20.22,1.76,9.61,536.24,1
Australia,2013,6.18,-0.16,5.66,2.6,37.56,-8.82,-3.26,52.84,1
Japan,2013,1.3,-0.35,4.04,2.01,232.5,-43.13,0.89,1266.85,3
"Korea, Rep.",2013,4.64,1.02,2.75,3.16,34.93,0.3,5.64,345.69,6
Singapore,2013,5.38,-0.43,3.86,4.82,99.45,1.2,15.71,277.8,1
Norway,2013,4.35,2.55,3.42,1.02,30.0,69.22,10.16,58.28,1
China,2013,6.0,2.3,4.6,7.78,36.7,-1.9,1.52,3880.37,4
India,2013,10.29,6.19,7.71,6.39,50.31,-7.2,-2.65,298.09,10
Indonesia,2013,11.66,4.97,4.34,5.56,24.9,-2.2,-3.19,99.39,11
Malaysia,2013,4.65,0.17,3.16,4.69,53.0,-4.1,3.47,134.85,7
Thailand,2013,5.06,1.78,0.25,2.69,38.17,-1.36,-2.1,167.23,8
Philippines,2013,5.77,2.06,3.5,6.75,47.14,-1.4,4.01,83.18,10
Brazil,2013,27.39,7.5,7.07,3.0,57.23,-3.0,-3.57,358.82,10
Mexico,2013,4.27,1.7,4.92,0.85,37.9,-2.3,-2.39,180.2,10
Chile,2013,9.26,2.26,6.07,3.31,12.8,-3.64,-4.78,41.09,4
Colombia,2013,10.99,1.91,9.25,5.13,67.1,-33.01,-3.24,43.16,10
South Africa,2013,8.5,5.84,24.56,2.49,44.1,-31.72,-5.34,49.71,9
Turkiye,2013,4.5,6.28,9.71,8.49,32.12,-1.2,-5.15,131.05,11
Poland,2013,2.5,0.27,10.29,0.68,55.7,-22.28,-1.98,106.22,7
Hungary,2013,6.3,2.83,10.18,2.03,94.76,-30.6,2.99,46.51,11
Romania,2013,10.52,1.39,7.1,0.28,37.8,-2.1,-1.14,48.83,14
Argentina,2013,17.15,23.95,7.1,2.41,45.0,-2.0,-2.38,30.53,16
Pakistan,2013,11.99,7.38,2.95,4.37,64.3,-88.57,-1.71,7.65,16
"Egypt, Arab Rep.",2013,12.29,8.71,13.15,2.19,85.1,-12.0,-1.23,16.54,14
Ghana,2013,16.0,54.01,2.17,7.31,57.3,-10.9,-9.08,5.59,14
Nigeria,2013,16.72,4.96,3.71,6.67,18.6,-2.3,3.66,43.68,13
Tunisia,2013,4.5,4.5,15.93,2.43,44.5,-5.6,-7.97,7.55,9
Ukraine,2013,16.65,4.31,7.17,0.05,35.63,-4.8,-8.67,20.41,14
Sri Lanka,2013,12.45,6.25,4.19,4.05,68.35,-5.9,-3.3,7.5,14
United States,2014,3.25,1.74,6.17,2.52,95.45,-31.61,-2.1,434.42,2
Canada,2014,3.0,1.94,7.02,2.87,51.48,2.2,-2.32,74.7,1
United Kingdom,2014,0.5,1.32,6.36,3.19,150.59,-19.84,-5.01,124.49,1
Germany,2014,0.15,1.9,4.98,2.17,75.7,1.64,7.19,193.48,1
France,2014,0.15,0.57,10.27,1.0,94.9,-15.11,-0.96,143.98,2
Italy,2014,4.87,0.9,12.68,-0.0,131.8,-13.97,1.71,142.76,8
Spain,2014,0.15,-0.22,24.44,1.52,104.93,-15.44,1.74,50.41,10
Netherlands,2014,0.775,0.34,7.42,1.61,67.9,-7.95,8.55,43.05,1
Sweden,2014,0.0,1.83,7.95,2.3,45.2,-3.74,3.25,62.58,1
Switzerland,2014,2.69,-0.65,4.83,2.35,20.61,0.2,6.87,545.79,1
Australia,2014,5.95,1.41,6.08,2.6,41.72,-7.38,-3.09,53.91,1
Japan,2014,1.22,1.69,3.59,0.3,236.1,-5.6,0.74,1260.68,3
"Korea, Rep.",2014,4.26,0.91,3.08,3.2,36.5,0.1,5.59,362.83,6
Singapore,2014,5.35,-0.27,3.74,3.94,99.61,-0.3,17.95,261.58,1
Norway,2014,4.21,0.26,3.49,2.05,27.6,43.13,10.95,64.8,1
China,2014,5.6,1.09,4.63,7.46,39.9,-2.1,2.21,3900.04,4
India,2014,10.25,3.33,7.67,7.41,49.9,-7.2,-1.34,325.08,10
Indonesia,2014,12.61,5.44,4.05,5.01,24.7,-2.1,-3.09,111.86,11
Malaysia,2014,4.59,2.47,2.88,6.01,52.68,-3.5,4.39,115.96,7
Thailand,2014,4.95,1.44,0.58,0.98,35.39,1.31,2.86,157.16,8
Philippines,2014,5.53,3.05,3.6,6.35,43.43,-0.6,3.62,79.63,10
Brazil,2014,32.01,7.85,6.76,0.5,58.46,-6.0,-4.5,363.57,10
Mexico,2014,3.55,4.37,4.82,2.5,41.8,-3.1,-1.82,195.68,10
Chile,2014,8.1,5.85,6.48,1.79,15.1,-1.33,-3.46,40.45,4
Colombia,2014,10.87,2.24,8.8,4.5,47.98,-21.64,-5.2,46.81,10
South Africa,2014,9.12,5.37,24.89,1.41,47.0,-13.26,-4.81,49.12,9
Turkiye,2014,8.25,7.39,9.9,4.94,31.35,-1.3,-3.42,127.42,11
Poland,2014,2.0,0.48,8.97,3.92,50.3,-6.47,-2.97,100.45,7
Hungary,2014,4.45,3.69,7.72,4.33,98.61,-10.55,0.75,42.02,11
Romania,2014,8.47,1.71,6.8,4.12,39.4,-1.3,-0.34,43.19,10
Argentina,2014,24.01,40.28,7.27,-2.51,44.7,-3.9,-1.74,31.41,16
Pakistan,2014,11.73,7.21,1.83,4.12,64.9,-5.5,-1.35,14.31,16
"Egypt, Arab Rep.",2014,11.71,11.25,13.1,2.92,85.1,-11.5,-1.95,14.93,14
Ghana,2014,21.0,23.94,4.42,2.86,70.2,-10.4,-6.76,5.56,14
Nigeria,2014,16.55,4.66,3.9,6.31,17.5,-2.1,0.16,35.07,13
Tunisia,2014,4.5,4.66,14.26,3.09,50.5,-4.8,-8.88,7.5,9
Ukraine,2014,17.72,15.9,9.27,-10.08,63.67,-4.5,-3.44,7.54,14
Sri Lanka,2014,7.84,1.92,4.16,6.38,68.59,-6.5,-2.41,8.21,14
United States,2015,3.26,0.93,5.28,2.95,95.96,-2.4,-2.23,383.73,2
Canada,2015,2.77,-0.87,6.94,0.65,55.99,-0.1,-3.51,79.75,1
United Kingdom,2015,0.5,0.66,5.52,2.22,147.95,-4.3,-4.95,148.11,1
Germany,2015,0.05,1.69,4.61,1.65,71.6,0.8,8.1,173.73,1
France,2015,0.05,1.13,10.35,1.07,95.6,-3.6,-0.33,138.2,2
Italy,2015,4.13,0.78,11.9,0.89,131.5,-2.6,1.23,130.59,8
Spain,2015,0.05,0.55,22.06,4.06,104.51,-5.2,2.04,53.97,10
Netherlands,2015,0.05,0.89,6.87,2.12,64.6,-2.0,4.85,38.21,1
Sweden,2015,-0.35,2.25,7.43,4.41,43.9,-0.1,2.59,58.1,1
Switzerland,2015,2.68,-1.27,4.8,1.64,20.44,0.3,8.88,602.4,1
Australia,2015,5.58,-0.62,6.06,2.19,46.48,-2.6,-4.31,45.41,1
Japan,2015,1.14,2.11,3.38,1.56,231.6,-3.8,3.07,1233.1,5
"Korea, Rep.",2015,3.53,3.19,3.55,2.81,37.49,0.3,7.17,366.71,6
Singapore,2015,5.35,3.07,3.79,2.98,103.32,0.3,18.69,251.88,1
Norway,2015,3.5,-2.8,4.3,1.86,32.0,6.0,8.01,57.46,1
China,2015,4.35,0.14,4.65,6.98,41.1,-2.8,2.6,3405.25,4
India,2015,10.01,2.28,7.63,8.0,49.96,-7.2,-1.07,353.32,10
Indonesia,2015,12.66,3.98,4.51,4.88,27.5,-2.6,-2.04,105.93,11
Malaysia,2015,4.57,1.22,3.1,5.09,53.57,-3.2,3.01,95.28,7
Thailand,2015,4.73,0.72,0.6,3.13,36.67,-2.2,6.92,156.46,8
Philippines,2015,5.58,-0.72,3.07,6.35,42.1,-0.9,2.37,80.64,10
Brazil,2015,43.96,7.57,8.54,-3.55,67.54,-10.2,-3.52,356.46,11
Mexico,2015,3.44,3.23,4.31,2.7,44.3,-3.5,-2.6,177.6,10
Chile,2015,5.51,4.95,6.31,2.15,17.4,-2.1,-2.74,38.64,4
Colombia,2015,11.45,2.45,8.57,2.96,53.28,-3.0,-6.37,46.22,10
South Africa,2015,9.42,5.55,25.15,1.32,52.65,-4.0,-4.31,45.89,9
Turkiye,2015,7.5,7.84,10.3,6.08,29.01,-1.0,-2.47,110.49,11
Poland,2015,1.5,1.32,7.48,4.43,51.1,-2.6,-1.33,94.9,7
Hungary,2015,2.9,2.81,6.81,3.66,96.34,-2.0,2.12,33.12,11
Romania,2015,6.77,3.26,6.81,3.16,37.8,-0.6,-0.64,38.7,10
Argentina,2015,24.92,26.58,7.58,2.73,52.6,-5.8,-2.96,25.52,16
Pakistan,2015,10.16,4.44,3.57,4.22,64.2,-5.3,-0.93,20.03,16
"Egypt, Arab Rep.",2015,11.62,9.93,13.05,4.37,88.5,-11.5,-5.24,15.86,14
Ghana,2015,25.5,13.25,6.81,2.12,71.8,-5.3,-5.71,5.74,14
Nigeria,2015,16.85,2.86,4.14,2.65,19.6,-3.7,-3.13,29.01,13
Tunisia,2015,4.25,4.21,15.16,0.97,53.4,-4.8,-8.57,7.56,11
Ukraine,2015,21.82,38.88,9.14,-9.77,70.26,-1.2,5.53,13.3,19
Sri Lanka,2015,6.96,3.01,4.52,4.21,73.51,-7.6,-2.21,7.3,14
United States,2016,3.51,0.95,4.87,1.82,97.93,-3.1,-2.11,405.94,2
Canada,2016,2.7,0.72,7.04,1.04,56.02,-1.0,-3.09,82.72,1
United Kingdom,2016,0.25,1.96,4.87,1.92,156.6,-3.0,-5.5,134.93,1
Germany,2016,0.0,1.26,4.1,2.29,68.9,1.0,8.9,184.03,1
France,2016,0.0,0.52,10.06,0.86,98.0,-3.6,-0.54,145.87,2
Italy,2016,3.5,1.25,11.69,1.24,134.8,-2.5,2.46,135.13,8
Spain,2016,0.0,0.37,19.64,2.92,105.97,-4.3,3.16,63.04,10
Netherlands,2016,0.0,0.57,6.01,2.42,61.9,0.0,7.15,35.91,1
Sweden,2016,-0.5,1.65,6.99,2.35,42.3,0.9,1.85,59.36,1
Switzerland,2016,2.65,-0.58,4.92,2.07,19.38,0.3,7.28,678.91,1
Australia,2016,5.42,-0.66,5.71,2.76,54.68,-2.4,-3.62,52.48,1
Japan,2016,1.04,0.42,3.13,0.75,235.6,-3.7,3.94,1216.52,5
"Korea, Rep.",2016,3.37,1.99,3.65,2.95,38.07,1.0,6.53,370.15,3
Singapore,2016,5.35,0.52,4.08,3.75,108.85,3.6,18.01,251.06,1
Norway,2016,3.07,-1.6,4.68,1.16,36.3,3.6,3.98,60.45,1
China,2016,4.35,1.48,4.56,6.78,44.3,-3.7,1.67,3097.66,4
India,2016,9.67,3.24,7.6,8.26,47.63,-6.9,-0.53,361.69,10
Indonesia,2016,11.89,2.44,4.3,5.03,28.3,-2.5,-1.82,116.37,11
Malaysia,2016,4.53,1.66,3.44,4.45,51.89,-3.1,2.37,94.48,7
Thailand,2016,4.47,2.64,0.69,3.44,37.31,-2.6,10.51,171.77,8
Philippines,2016,5.64,1.28,2.7,7.15,39.0,-2.4,-0.38,80.67,10
Brazil,2016,52.1,8.1,11.58,-3.28,73.42,-9.0,-1.7,364.98,11
Mexico,2016,4.75,6.08,3.85,1.77,48.0,-2.6,-2.27,177.97,10
Chile,2016,5.59,4.56,6.67,1.75,21.3,-2.7,-2.62,40.49,4
Colombia,2016,14.65,5.15,8.92,2.09,66.91,-4.0,-4.45,46.17,10
South Africa,2016,10.46,6.95,26.54,0.66,53.74,-3.9,-2.63,47.18,9
Turkiye,2016,8.0,8.13,10.9,3.32,30.03,-1.5,-2.55,104.81,11
Poland,2016,1.5,0.08,6.14,3.03,54.2,-2.4,-1.07,114.33,7
Hungary,2016,2.09,1.32,5.12,2.44,96.5,-1.6,4.4,25.82,10
Romania,2016,5.71,2.62,5.9,2.86,37.3,-2.6,-2.1,39.95,10
Argentina,2016,31.23,41.12,8.09,-2.08,57.6,-5.9,-2.71,38.41,16
Pakistan,2016,8.76,0.92,2.28,6.57,67.6,-4.6,-2.29,22.03,16
"Egypt, Arab Rep.",2016,13.6,6.25,12.45,4.35,96.9,-12.5,-6.16,23.64,14
Ghana,2016,25.5,15.75,5.23,3.37,73.3,-9.3,-5.04,5.87,14
Nigeria,2016,16.87,9.54,4.5,-1.62,23.4,-4.6,1.25,28.02,13
Tunisia,2016,4.25,4.93,15.56,1.12,62.3,-6.1,-8.53,6.14,11
Ukraine,2016,19.24,17.1,9.35,2.44,71.81,-2.2,-2.0,15.54,19
Sri Lanka,2016,10.49,5.44,4.24,5.05,79.3,-5.4,-1.98,6.01,14
United States,2017,4.1,1.79,4.36,2.46,97.02,-3.4,-1.87,451.29,2
Canada,2017,2.7,2.57,6.43,3.03,54.46,-0.9,-2.8,86.68,1
United Kingdom,2017,0.5,1.86,4.45,2.66,161.27,-2.3,-3.5,150.86,1
Germany,2017,0.0,1.47,3.78,2.72,64.7,1.3,8.08,199.98,1
France,2017,0.0,0.59,9.41,2.08,98.3,-3.0,-0.47,156.32,2
Italy,2017,3.0,0.71,11.21,1.6,134.1,-2.4,2.48,151.12,8
Spain,2017,0.0,1.26,17.22,2.9,106.58,-3.0,2.83,69.4,10
Netherlands,2017,0.0,1.44,4.84,2.78,56.9,1.3,8.05,38.42,1
Sweden,2017,-0.5,2.23,6.72,1.83,40.6,1.3,2.07,62.19,1
Switzerland,2017,2.63,-0.37,4.8,1.36,20.28,1.0,5.34,811.03,1
Australia,2017,5.25,3.65,5.59,2.28,53.32,-1.9,-3.0,65.65,1
Japan,2017,0.99,-0.07,2.82,1.68,235.0,-3.2,4.12,1264.14,5
"Korea, Rep.",2017,3.48,2.22,3.65,3.16,37.35,1.5,4.64,388.8,3
Singapore,2017,5.28,2.86,4.2,4.48,109.2,5.8,18.6,285.0,1
Norway,2017,3.01,4.08,4.16,2.46,36.0,4.6,5.39,65.92,1
China,2017,4.35,4.15,4.47,6.89,47.0,-3.8,1.5,3235.68,5
India,2017,9.51,3.97,7.62,6.8,47.58,-6.5,-1.44,412.61,10
Indonesia,2017,11.07,4.29,3.78,5.07,29.4,-2.5,-1.59,130.22,10
Malaysia,2017,4.61,3.78,3.41,5.81,50.05,-3.0,2.81,102.45,7
Thailand,2017,4.42,1.9,0.83,4.18,41.9,-2.7,9.63,202.54,8
Philippines,2017,5.63,2.32,2.55,6.93,39.9,-2.2,-0.65,81.41,10
Brazil,2017,46.92,3.67,12.79,1.32,83.67,-7.8,-1.22,373.96,11
Mexico,2017,7.33,6.57,3.42,1.87,46.2,-1.1,-1.8,175.47,10
Chile,2017,4.55,4.83,7.26,1.36,23.6,-2.8,-2.76,38.98,4
Colombia,2017,13.69,5.13,9.09,1.36,66.73,-3.6,-3.18,47.13,10
South Africa,2017,10.38,5.47,27.04,1.16,56.26,-4.3,-2.37,50.72,11
Turkiye,2017,8.0,10.98,10.92,7.5,29.67,-1.8,-4.09,107.66,11
Poland,2017,1.5,1.77,4.87,5.15,50.6,-1.5,-1.19,113.27,7
Hungary,2017,1.48,4.04,4.16,4.12,91.84,-2.0,1.72,28.0,10
Romania,2017,5.56,4.65,4.93,8.2,35.1,-2.6,-3.19,44.43,10
Argentina,2017,26.58,26.01,8.35,2.82,57.1,-6.0,-4.84,55.31,16
Pakistan,2017,8.21,4.03,3.22,4.43,67.2,-5.8,-4.77,18.46,16
"Egypt, Arab Rep.",2017,18.18,29.52,11.77,4.18,103.0,-10.9,-3.2,36.4,14
Ghana,2017,20.0,10.68,3.37,8.13,71.8,-4.7,-3.32,7.02,14
Nigeria,2017,17.55,11.12,4.83,0.81,25.0,-5.6,3.61,40.5,13
Tunisia,2017,5.75,4.71,15.33,2.24,70.3,-6.0,-10.01,6.14,11
Ukraine,2017,16.38,22.1,9.5,2.36,66.73,-1.4,-3.1,18.81,19
Sri Lanka,2017,11.57,5.47,4.05,6.46,77.6,-5.5,-2.45,7.96,14
United States,2018,4.9,2.29,3.9,2.97,98.45,-3.8,-2.13,449.91,2
Canada,2018,2.225,1.65,5.84,2.74,53.15,-0.4,-2.39,83.93,1
United Kingdom,2018,0.75,1.92,4.12,1.41,158.16,-2.2,-3.92,172.66,1
Germany,2018,0.0,1.87,3.38,1.12,61.3,1.9,8.44,198.03,1
France,2018,0.0,1.11,9.02,1.65,98.1,-2.3,-0.74,166.48,2
Italy,2018,2.68,1.07,10.61,0.83,134.4,-2.2,2.57,152.36,8
Spain,2018,0.0,1.19,15.26,2.4,107.2,-2.5,1.86,70.63,10
Netherlands,2018,0.0,2.53,3.83,2.26,52.4,1.4,8.84,38.43,1
Sweden,2018,-0.25,2.62,6.36,1.9,38.8,0.8,2.19,60.57,1
Switzerland,2018,2.63,0.76,4.71,2.86,18.68,1.3,5.05,787.02,1
Australia,2018,5.26,1.87,5.3,2.88,54.5,-0.7,-2.56,53.91,1
Japan,2018,0.5449999999999999,-0.0,2.47,0.64,237.1,-2.5,3.52,1270.47,5
"Korea, Rep.",2018,3.66,0.48,3.82,2.91,37.56,2.1,4.49,403.08,3
Singapore,2018,5.33,3.61,3.61,3.45,110.69,3.6,15.69,292.72,1
Norway,2018,2.93,6.74,3.8,0.83,39.6,7.9,7.95,63.15,1
China,2018,4.35,3.47,4.31,6.76,50.6,-4.7,0.17,3168.22,5
India,2018,9.45,3.88,7.65,6.45,46.52,-6.4,-2.43,399.17,10
Indonesia,2018,10.54,3.82,4.39,5.17,30.1,-1.8,-2.94,120.66,10
Malaysia,2018,4.93,0.62,3.3,4.84,51.19,-3.7,2.24,101.45,7
Thailand,2018,4.15,1.43,0.76,4.22,37.91,-2.1,5.62,205.64,8
Philippines,2018,6.12,3.74,2.34,6.34,39.6,-3.2,-2.56,79.2,10
Brazil,2018,39.08,4.49,12.33,1.78,86.61,-7.1,-2.81,374.71,11
Mexico,2018,8.04,5.2,3.28,1.97,45.4,-2.1,-2.06,176.39,10
Chile,2018,4.18,1.59,7.62,3.99,25.6,-1.6,-4.48,39.86,4
Colombia,2018,12.11,4.63,9.36,2.56,71.65,-3.1,-4.2,47.89,10
South Africa,2018,10.08,3.99,26.91,1.56,59.1,-4.2,-3.0,51.64,11
Turkiye,2018,24.0,16.51,10.96,3.01,29.21,-2.0,-1.87,93.0,14
Poland,2018,1.5,1.23,3.84,6.25,48.8,-0.2,-1.97,116.96,7
Hungary,2018,1.47,4.85,3.71,5.61,86.2,-2.1,0.34,31.37,10
Romania,2018,6.81,6.19,4.19,6.12,34.7,-2.9,-4.58,42.13,10
Argentina,2018,48.52,42.03,9.22,-2.62,86.2,-5.4,-5.16,66.22,16
Pakistan,2018,8.53,3.84,4.08,6.15,72.1,-6.5,-5.3,11.84,16
"Egypt, Arab Rep.",2018,18.32,21.17,9.86,5.33,92.5,-9.7,-2.93,41.84,14
Ghana,2018,17.0,10.57,3.25,6.2,62.4,-7.0,-3.04,6.29,14
Nigeria,2018,16.9,10.23,5.07,1.92,27.5,-4.2,1.73,42.84,13
Tunisia,2018,7.75,7.92,15.46,2.62,77.6,-4.9,-10.79,5.66,11
Ukraine,2018,19.0,15.4,8.8,3.49,56.91,-1.7,-4.91,20.82,19
Sri Lanka,2018,11.55,4.3,4.32,2.31,86.8,-5.3,-2.96,6.92,14
United States,2019,5.28,1.65,3.67,2.58,100.06,-4.6,-2.05,516.7,2
Canada,2019,1.75,1.55,5.69,1.91,53.36,-0.3,-1.95,85.3,1
United Kingdom,2019,0.75,2.13,3.61,1.62,160.32,-2.3,-2.69,173.57,1
Germany,2019,0.0,2.02,3.16,0.99,59.2,1.5,7.88,224.03,1
France,2019,0.0,1.21,8.41,2.03,97.6,-3.1,0.59,189.01,2
Italy,2019,2.6,1.05,9.95,0.43,134.3,-1.5,3.23,175.4,8
Spain,2019,0.0,1.43,14.1,1.96,111.29,-2.9,2.12,74.73,10
Netherlands,2019,0.0,3.03,3.38,2.3,48.6,1.7,6.8,43.32,1
Sweden,2019,0.0,2.42,6.83,2.55,35.1,0.6,5.33,55.51,1
Switzerland,2019,2.63,-0.1,4.39,1.14,18.95,1.3,3.51,854.93,1
Australia,2019,5.1,3.47,5.16,2.17,60.23,0.0,-0.02,57.99,1
Japan,2019,0.1,0.63,2.35,-0.4,238.0,-3.1,3.45,1322.44,5
"Korea, Rep.",2019,3.45,-0.84,3.75,2.24,39.97,0.4,3.61,408.82,3
Singapore,2019,5.25,-0.42,3.1,1.31,128.08,0.3,15.38,285.48,1
Norway,2019,3.24,-0.55,3.68,1.12,41.0,6.7,2.92,66.95,1
China,2019,4.35,1.32,4.56,6.07,52.6,-6.3,0.71,3222.89,5
India,2019,9.47,2.41,6.51,3.87,74.1,-7.5,-1.05,463.47,10
Indonesia,2019,10.37,1.6,3.59,5.02,30.6,-2.2,-2.71,129.19,10
Malaysia,2019,4.88,0.07,3.26,4.41,52.42,-3.4,3.5,103.63,7
Thailand,2019,4.08,1.01,0.72,2.11,38.63,-1.1,7.03,224.36,8
Philippines,2019,7.1,0.7,2.24,6.12,39.6,-3.5,-0.81,89.52,10
Brazil,2019,37.48,4.22,11.94,1.22,92.57,-5.9,-3.47,356.89,11
Mexico,2019,8.43,4.32,3.48,-0.39,41.33,-2.3,-0.3,183.06,10
Chile,2019,2.34,2.57,7.49,0.63,28.2,-2.9,-5.21,40.66,4
Colombia,2019,11.77,4.0,10.28,3.19,72.7,-2.5,-4.58,52.65,10
South Africa,2019,10.12,4.61,28.47,0.26,64.59,-5.7,-2.62,55.06,11
Turkiye,2019,12.0,13.87,13.73,0.82,33.9,-2.9,1.97,105.62,14
Poland,2019,1.5,3.03,3.27,4.58,45.6,-0.7,-0.27,128.39,7
Hungary,2019,1.79,4.75,3.42,5.08,82.91,-2.0,-0.61,31.83,10
Romania,2019,7.16,6.95,3.91,3.92,35.2,-4.3,-4.84,42.01,10
Argentina,2019,67.25,49.2,9.84,-2.0,89.4,-4.0,-0.78,44.88,16
Pakistan,2019,12.23,9.04,4.83,2.5,84.8,-9.0,-2.67,16.59,16
"Egypt, Arab Rep.",2019,16.12,13.62,7.85,5.55,84.2,-8.0,-3.21,44.57,14
Ghana,2019,16.0,8.48,3.16,6.51,62.9,-7.5,-2.73,7.56,14
Nigeria,2019,15.38,10.38,5.21,2.21,29.1,-4.3,-2.88,38.34,13
Tunisia,2019,7.84,7.14,17.15,1.59,72.9,-4.0,-8.05,7.92,11
Ukraine,2019,19.82,8.25,8.19,3.2,48.33,-1.8,-2.68,25.32,19
Sri Lanka,2019,11.24,3.87,4.67,-0.22,86.8,-9.6,-2.07,7.65,14
United States,2020,3.54,1.33,8.06,-2.16,124.51,-14.9,-2.78,628.37,2
Canada,2020,0.25,1.07,9.66,-5.04,74.55,-11.2,-2.01,90.43,1
United Kingdom,2020,0.1,4.97,4.47,-10.3,196.64,-12.5,-2.96,180.05,3
Germany,2020,0.0,1.76,3.88,-4.1,68.7,-4.3,6.35,268.41,1
France,2020,0.0,2.98,8.01,-7.44,115.0,-9.0,-2.0,224.24,3
Italy,2020,2.33,1.58,9.16,-8.87,154.9,-9.6,3.94,210.69,9
Spain,2020,0.0,1.13,15.53,-10.94,138.96,-10.1,0.82,81.29,6
Netherlands,2020,0.0,2.36,3.82,-3.87,54.5,-3.7,5.72,53.97,1
Sweden,2020,0.0,1.79,8.29,-2.01,39.9,-2.7,5.8,58.26,1
Switzerland,2020,2.63,-0.7,4.82,-2.14,20.85,-2.6,0.38,1083.4,1
Australia,2020,5.1,1.89,6.46,-0.12,69.32,-6.9,1.87,42.54,1
Japan,2020,0.1,0.93,2.81,-4.17,254.1,-9.1,2.97,1390.81,5
"Korea, Rep.",2020,2.8,1.56,3.93,-0.71,46.43,-3.1,4.62,443.46,3
Singapore,2020,5.25,-2.39,4.1,-3.81,151.71,-13.9,17.5,369.83,1
Norway,2020,2.7,-2.52,4.42,-1.28,48.5,-2.6,1.15,75.26,1
China,2020,4.35,0.53,5.0,2.34,66.3,-11.2,1.66,3357.24,5
India,2020,9.15,4.81,7.86,-5.78,89.6,-13.1,1.22,590.23,10
Indonesia,2020,9.54,-0.4,4.26,-2.07,38.3,-6.1,-0.42,135.92,9
Malaysia,2020,3.94,-0.82,4.54,-5.46,62.01,-6.2,4.19,107.64,7
Thailand,2020,3.29,-1.3,1.1,-6.05,50.32,-4.6,4.18,258.1,8
Philippines,2020,7.1,1.65,2.52,-9.52,54.6,-7.6,3.2,109.99,8
Brazil,2020,29.04,6.47,13.7,-3.28,98.71,-13.4,-1.69,355.61,13
Mexico,2020,6.34,4.62,4.44,-8.35,45.84,-4.6,2.4,199.07,9
Chile,2020,0.5,9.67,10.93,-6.14,32.5,-7.3,-1.95,39.17,5
Colombia,2020,9.85,1.48,15.98,-7.19,91.16,-7.8,-3.43,58.5,10
South Africa,2020,7.71,5.39,29.22,-6.17,75.73,-10.8,2.0,55.01,13
Turkiye,2020,17.0,14.79,13.15,1.86,41.8,-3.4,-4.3,93.58,14
Poland,2020,0.1,4.24,3.16,-2.04,57.4,-7.0,2.4,154.22,7
Hungary,2020,1.96,6.43,4.25,-4.34,95.22,-7.6,-0.85,41.35,9
Romania,2020,6.49,4.11,5.04,-3.67,47.3,-9.2,-5.11,52.19,10
Argentina,2020,29.39,40.08,11.46,-9.9,103.0,-8.5,0.7,39.4,19
Pakistan,2020,10.76,9.94,6.13,-1.27,87.2,-8.1,-0.22,18.52,16
"Egypt, Arab Rep.",2020,11.37,6.18,7.97,3.55,90.2,-7.9,-3.71,38.97,15
Ghana,2020,14.5,9.37,3.31,0.51,79.0,-15.2,-3.05,7.88,15
Nigeria,2020,13.64,7.85,5.74,-1.79,34.8,-5.4,-3.7,36.73,16
Tunisia,2020,6.75,6.81,17.66,-9.01,87.6,-9.3,-6.01,9.81,16
Ukraine,2020,14.29,10.29,9.48,-3.75,58.72,-5.3,3.36,29.14,19
Sri Lanka,2020,4.5,3.1,5.36,-4.62,101.0,-11.1,-1.41,5.66,16
United States,2021,3.25,4.57,5.35,6.06,118.4,-12.4,-3.63,716.15,2
Canada,2021,0.25,7.79,7.53,5.95,68.78,-4.7,-0.02,106.62,1
United Kingdom,2021,0.1,0.07,4.83,8.58,186.79,-7.6,-0.44,194.18,3
Germany,2021,0.0,2.8,3.59,3.67,69.0,-3.7,6.93,295.74,1
France,2021,0.0,1.22,7.87,6.88,112.9,-6.5,0.24,244.28,3
Italy,2021,2.03,1.28,9.5,8.93,149.9,-8.8,2.12,227.48,9
Spain,2021,0.0,2.56,14.78,6.68,132.55,-6.9,0.77,92.2,6
Netherlands,2021,0.0,2.75,4.21,6.28,52.1,-2.5,10.28,64.47,1
Sweden,2021,0.0,2.74,8.72,5.94,36.7,-0.2,6.18,62.05,1
Switzerland,2021,2.64,1.32,5.01,5.56,19.94,-0.2,7.06,1109.82,1
Australia,2021,5.1,3.08,5.12,2.11,70.01,-6.5,2.61,57.88,1
Japan,2021,0.1,-0.2,2.83,2.7,256.9,-6.2,3.9,1405.75,5
"Korea, Rep.",2021,2.88,2.76,3.64,4.3,48.96,-2.7,4.69,463.28,3
Singapore,2021,5.25,10.93,4.64,9.76,149.29,-1.0,19.8,425.1,1
Norway,2021,2.27,20.21,4.36,3.91,42.3,9.3,14.8,84.27,1
China,2021,4.35,4.47,4.55,8.57,68.9,-5.1,1.94,3427.93,5
India,2021,8.7,8.35,6.38,9.69,88.4,-9.2,-1.06,638.48,10
Indonesia,2021,8.92,6.0,3.83,3.7,40.7,-4.6,0.3,144.91,9
Malaysia,2021,3.44,5.68,4.64,3.32,63.27,-6.4,3.88,116.92,7
Thailand,2021,3.06,1.77,1.22,1.55,58.51,-7.4,-2.12,246.03,8
Philippines,2021,7.1,2.28,3.4,5.71,60.5,-8.6,-1.51,108.75,8
Brazil,2021,30.02,13.05,13.16,4.76,85.01,-4.3,-2.42,362.21,13
Mexico,2021,4.89,4.49,4.02,6.05,44.86,-3.5,-0.35,207.8,9
Chile,2021,4.0,6.87,9.28,11.31,36.3,-7.7,-7.28,51.25,5
Colombia,2021,9.34,7.8,13.9,10.8,80.37,-7.1,-5.64,58.02,10
South Africa,2021,7.04,6.54,34.01,4.96,73.81,-6.7,3.76,57.6,13
Turkiye,2021,14.0,28.97,11.97,11.44,42.58,-2.7,-0.76,111.18,14
Poland,2021,0.1,5.34,3.27,6.93,53.8,-1.9,-1.3,166.03,7
Hungary,2021,2.96,6.17,4.04,7.22,86.37,-7.2,-3.88,43.48,9
Romania,2021,5.61,5.61,5.59,5.55,48.8,-7.1,-7.18,51.89,10
Argentina,2021,35.56,53.8,8.74,10.44,80.3,-4.3,1.36,39.65,19
Pakistan,2021,8.67,10.27,6.34,6.51,77.6,-7.1,-3.52,22.81,16
"Egypt, Arab Rep.",2021,9.43,4.85,7.44,3.29,89.6,-7.4,-4.38,39.82,15
Ghana,2021,14.5,12.11,3.38,5.08,80.1,-12.0,-2.82,9.92,15
Nigeria,2021,11.48,10.13,5.45,3.65,37.0,-5.6,-0.74,40.48,16
Tunisia,2021,6.25,5.1,16.61,4.74,80.7,-7.4,-5.88,8.85,16
Ukraine,2021,13.29,24.8,9.83,3.45,49.6,-3.4,-1.94,30.97,19
Sri Lanka,2021,5.0,8.02,4.98,4.21,104.6,-12.2,-3.71,3.14,16
United States,2022,4.375,7.13,3.65,2.51,112.82,-5.5,-3.82,706.64,2
Canada,2022,4.25,7.91,5.28,4.19,59.94,-0.9,-0.29,106.95,1
United Kingdom,2022,3.5,5.44,3.73,4.84,141.24,-5.5,-2.28,176.41,3
Germany,2022,2.0,6.09,3.12,1.37,66.1,-2.6,3.89,293.91,1
France,2022,2.0,3.22,7.31,2.57,111.8,-4.7,-1.43,242.42,3
Italy,2022,2.26,3.46,8.07,4.82,144.4,-8.0,-1.73,224.58,9
Spain,2022,2.0,4.71,12.92,6.18,109.22,-3.8,0.31,92.91,6
Netherlands,2022,2.0,6.16,3.53,5.01,50.1,-0.1,6.82,63.35,1
Sweden,2022,2.5,5.78,7.39,1.46,32.9,0.9,3.77,64.29,1
Switzerland,2022,2.65,3.04,4.12,3.04,17.59,0.9,8.73,923.63,1
Australia,2022,5.1,7.18,3.73,4.24,58.05,-1.0,0.34,56.7,1
Japan,2022,0.1,0.4,2.6,0.94,260.1,-5.5,2.12,1227.57,5
"Korea, Rep.",2022,4.29,1.28,2.86,2.61,51.18,-3.6,1.54,423.37,3
Singapore,2022,2.5,14.92,3.59,4.11,154.1,0.4,18.42,296.63,1
Norway,2022,3.24,28.42,3.23,3.25,35.7,13.6,28.63,72.08,1
China,2022,4.35,1.93,4.98,3.13,77.1,-5.6,2.42,3306.84,5
India,2022,8.57,5.9,4.82,7.61,84.5,-9.1,-2.36,567.3,10
Indonesia,2022,8.52,9.57,3.46,5.31,39.8,-2.4,1.0,137.22,9
Malaysia,2022,3.91,6.4,3.93,8.86,60.18,-5.6,3.13,114.66,7
Thailand,2022,3.14,4.66,0.94,2.58,60.35,-3.8,-3.46,216.5,8
Philippines,2022,7.1,5.49,2.6,7.58,60.9,-7.3,-4.52,96.04,8
Brazil,2022,39.4,8.57,9.23,3.02,79.1,-4.5,-2.16,324.67,13
Mexico,2022,8.18,6.63,3.26,3.71,43.98,-3.8,-1.29,201.12,9
Chile,2022,11.25,7.56,8.25,2.15,37.7,-0.6,-8.85,39.1,5
Colombia,2022,15.81,14.93,10.55,7.33,70.27,-4.3,-6.04,56.7,10
South Africa,2022,8.79,4.99,33.27,1.91,76.24,-4.1,-0.3,60.55,13
Turkiye,2022,9.0,96.04,10.46,5.53,35.25,-1.0,-5.1,128.74,14
Poland,2022,6.75,10.69,2.81,5.26,49.2,-3.7,-2.27,166.66,7
Hungary,2022,10.66,14.18,3.61,4.27,75.3,-6.2,-8.28,41.22,9
Romania,2022,7.76,12.09,5.61,3.97,47.7,-6.2,-9.22,55.81,10
Argentina,2022,52.4,69.88,6.8,5.27,84.5,-3.0,-0.63,44.8,19
Pakistan,2022,15.0,13.94,5.48,4.78,75.4,-4.9,-3.26,9.93,16
"Egypt, Arab Rep.",2022,10.58,10.43,7.34,6.59,89.2,-6.1,-2.21,32.14,15
Ghana,2022,27.0,28.18,3.08,3.8,88.1,-11.2,-2.3,5.21,15
Nigeria,2022,12.33,11.31,3.82,3.25,39.3,-6.1,0.21,35.56,16
Tunisia,2022,8.0,3.29,15.3,2.67,83.7,-6.7,-8.83,8.09,16
Ukraine,2022,18.61,34.92,9.83,-28.76,78.5,-16.0,4.92,28.51,19
Sri Lanka,2022,15.5,47.46,4.53,-7.35,128.0,-10.6,-1.95,1.9,20
United States,2023,5.5,3.6,3.64,2.89,114.76,-6.3,-3.35,773.43,2
Canada,2023,5.0,1.36,5.42,1.53,62.47,-1.1,-0.63,117.55,1
United Kingdom,2023,5.25,6.89,3.98,0.4,138.64,-4.4,-3.51,177.92,3
Germany,2023,4.5,6.14,3.07,-0.27,63.6,-2.5,5.56,322.7,1
France,2023,4.5,5.3,7.34,0.94,110.6,-5.5,-1.04,240.79,3
Italy,2023,4.89,5.91,7.63,0.72,137.3,-7.2,0.14,247.4,9
Spain,2023,4.5,6.24,12.18,2.68,107.26,-3.6,2.65,103.09,6
Netherlands,2023,4.5,7.34,3.54,0.07,46.3,-0.4,9.26,69.83,1
Sweden,2023,4.0,6.04,7.61,-0.11,30.6,-0.6,5.75,60.86,1
Switzerland,2023,2.86,0.9,4.04,0.68,19.88,0.6,5.31,863.89,1
Australia,2023,5.1,6.51,3.67,3.44,57.2,-1.6,-0.29,61.7,1
Japan,2023,0.1,4.07,2.6,1.48,264.0,-5.3,3.72,1294.64,5
"Korea, Rep.",2023,5.19,2.06,2.68,1.36,52.3,-4.5,1.92,420.93,3
Singapore,2023,3.5,-5.02,3.44,1.82,175.6,-0.9,17.69,359.83,1
Norway,2023,5.31,-11.08,3.57,0.07,38.9,9.8,17.41,80.46,1
China,2023,4.35,-0.51,4.67,5.41,83.0,-5.2,1.44,3449.54,5
India,2023,6.5,2.59,4.17,9.19,81.9,-8.8,-0.88,627.79,10
Indonesia,2023,8.93,1.53,3.31,5.05,38.4,-1.6,-0.15,146.36,9
Malaysia,2023,5.32,-1.87,3.87,3.56,64.32,-5.0,1.57,113.46,7
Thailand,2023,4.29,1.27,0.73,2.02,61.12,-3.5,1.44,224.47,8
Philippines,2023,7.1,4.6,2.22,5.52,60.1,-6.1,-2.83,103.74,8
Brazil,2023,43.6,5.16,7.95,3.24,83.03,-8.8,-1.27,355.02,13
Mexico,2023,11.59,4.48,2.76,3.3,45.14,-4.3,-0.7,214.32,9
Chile,2023,7.25,6.59,9.01,0.52,38.0,-2.8,-3.13,46.38,6
Colombia,2023,21.03,6.95,9.59,0.71,71.33,-4.3,-2.26,59.04,11
South Africa,2023,11.5,4.8,32.1,0.7,73.6,-4.4,-1.11,62.49,13
Turkiye,2023,42.5,68.23,9.39,5.11,33.11,-5.4,-3.57,140.87,14
Poland,2023,6.75,9.87,2.74,0.25,49.6,-5.1,1.79,193.78,7
Hungary,2023,15.3,15.21,4.11,-0.84,73.5,-6.7,0.35,45.72,9
Romania,2023,9.32,12.77,5.59,2.4,49.4,-5.7,-6.97,73.0,10
Argentina,2023,95.89,135.37,6.14,-1.61,153.3,-2.9,-3.21,23.08,18
Pakistan,2023,22.0,25.99,5.41,-0.04,74.3,-7.8,-0.31,13.73,17
"Egypt, Arab Rep.",2023,17.76,24.8,7.33,3.76,95.6,-6.0,-3.17,33.07,15
Ghana,2023,30.0,40.11,3.06,3.14,92.4,-7.5,-0.81,3.62,17
Nigeria,2023,14.01,12.62,3.07,2.86,42.5,-5.6,1.77,32.03,16
Tunisia,2023,8.0,7.27,15.11,0.04,82.4,-6.3,-2.3,9.24,18
Ukraine,2023,22.11,19.87,9.83,5.53,92.1,-20.5,-5.28,40.51,19
Sri Lanka,2023,10.0,16.67,6.0,-2.33,120.5,-8.4,1.86,4.41,20
United States,2024,5.5,2.42,4.11,2.8,114.76,-6.3,-4.06,910.04,2
Canada,2024,3.25,3.04,6.45,1.53,64.97,-1.1,-0.46,119.78,1
United Kingdom,2024,4.75,4.01,4.11,1.1,138.64,-4.4,-2.65,174.6,3
Germany,2024,3.65,3.11,3.41,-0.24,63.6,-2.5,5.67,377.94,1
France,2024,3.65,2.31,7.37,1.17,110.6,-5.5,0.09,282.86,3
Italy,2024,5.25,2.11,6.78,0.73,137.3,-7.2,1.13,290.55,9
Spain,2024,3.65,2.98,11.39,3.15,107.26,-3.6,3.07,107.77,6
Netherlands,2024,3.65,5.2,3.6,0.98,46.3,-0.4,9.04,79.13,1
Sweden,2024,2.75,2.79,8.53,0.97,30.6,-0.6,5.96,62.57,1
Switzerland,2024,2.98,1.29,4.11,1.3,19.88,0.6,5.04,909.37,1
Australia,2024,5.1,2.63,4.07,1.43,57.2,-1.6,-2.07,60.4,1
Japan,2024,0.25,2.87,2.56,0.08,264.0,-5.3,4.82,1230.67,5
"Korea, Rep.",2024,4.73,2.06,2.6,1.36,52.3,-4.5,2.1,418.22,3
Singapore,2024,3.5,3.24,3.18,4.39,175.6,-0.9,17.54,383.95,1
Norway,2024,6.15,-0.2,3.97,2.1,38.9,9.8,16.5,81.24,1
China,2024,4.35,-0.71,4.57,4.98,83.0,-5.2,2.26,3456.02,5
India,2024,6.5,3.2,4.2,6.48,81.9,-8.8,-0.82,643.04,10
Indonesia,2024,8.8,0.89,3.3,5.03,38.4,-1.6,-0.62,155.71,9
Malaysia,2024,5.28,0.78,3.83,5.11,64.32,-5.0,1.69,116.23,7
Thailand,2024,4.17,0.93,0.69,2.53,61.12,-3.5,2.15,236.93,8
Philippines,2024,7.1,2.91,2.15,5.69,60.1,-6.1,-3.79,106.2,8
Brazil,2024,40.23,3.8,7.63,3.4,83.03,-8.8,-2.66,329.73,13
Mexico,2024,11.22,4.94,2.71,1.45,45.14,-4.3,-0.9,232.04,9
Chile,2024,5.25,7.71,9.06,2.64,38.0,-2.8,-1.47,44.4,6
Colombia,2024,16.37,5.78,9.61,1.74,71.33,-4.3,-1.73,61.9,11
South Africa,2024,11.62,3.84,33.17,0.58,73.6,-4.4,-0.64,65.43,13
Turkiye,2024,50.0,58.48,8.45,3.18,33.11,-5.4,-0.77,154.77,14
Poland,2024,5.75,3.59,2.47,2.92,49.6,-5.1,-0.04,223.11,7
Hungary,2024,9.13,7.32,4.43,0.51,73.5,-6.7,2.27,46.42,9
Romania,2024,8.76,8.81,5.38,0.81,49.4,-5.7,-8.36,73.39,10
Argentina,2024,61.71,207.92,7.88,-1.72,153.3,-2.9,0.9,29.56,18
Pakistan,2024,12.0,21.87,5.47,3.23,74.3,-7.8,0.15,18.41,17
"Egypt, Arab Rep.",2024,24.29,33.69,7.2,2.4,95.6,-6.0,-5.72,44.92,15
Ghana,2024,29.0,25.37,3.01,5.68,92.4,-7.5,2.03,6.2,17
Nigeria,2024,27.25,14.45,2.99,3.43,42.5,-5.6,9.17,38.61,16
Tunisia,2024,8.0,9.56,16.2,1.35,82.4,-6.3,-1.45,9.34,18
Ukraine,2024,19.59,12.28,9.83,2.91,92.1,-20.5,-8.35,43.78,19
Sri Lanka,2024,8.0,3.84,5.0,5.01,120.5,-8.4,-1.8,6.09,20
