Country,Year,Credit_Rating_Label,Cluster,Silhouette_Score,Distance_to_Center,Interest_Rate,Inflation,Unemployment,GDP_Growth,Public_Debt,Budget_Balance,Current_Account,FX_Reserves
United States,2000,AAA,0,0.39470275220335926,1.3080901846216637,9.23,2.27,3.99,4.08,33.27,13.36,-3.92,128.4
Canada,2000,AA+,0,0.24789320103921886,1.5544565431366346,7.27,4.37,6.83,5.14,58.74,92.81,2.48,32.43
United Kingdom,2000,AAA,0,0.2775879637052018,1.7910073040930863,5.96,1.12,5.56,4.34,87.6,118.88,-1.81,50.94
Germany,2000,AAA,0,0.3556096780245832,1.1465950333355122,4.75,-0.34,7.92,2.88,59.7,61.04,-1.51,87.5
France,2000,AAA,0,0.3888220093106563,0.9236230177097545,4.75,1.42,10.22,4.14,58.9,-86.44,1.18,63.73
Italy,2000,AA,0,0.37615594351050136,1.3289492868050519,7.02,1.76,10.83,3.88,105.1,-44.82,-0.27,47.2
Spain,2000,AA+,0,0.4385768996116939,1.4014233265213896,4.75,3.41,13.78,5.2,56.44,-28.99,-4.26,35.61
Netherlands,2000,AAA,1,-0.19279078039870606,1.7104787051976877,4.79,3.27,2.72,4.22,50.7,84.53,1.74,17.69
Sweden,2000,AA+,1,-0.12974615461188865,1.5946347963723766,5.77,1.57,5.47,4.63,53.9,114.75,4.45,16.5
Switzerland,2000,AAA,1,0.10537331432477139,1.6396491309806371,3.34,1.37,2.66,3.96,25.78,73.29,10.49,53.62
Australia,2000,AA+,0,0.35731537784176165,1.600941180131499,7.72,2.55,6.29,3.92,29.52,94.36,-3.72,18.82
Japan,2000,AA+,1,-0.12271554174202873,1.96210689619842,2.07,-1.34,4.75,2.76,134.1,-7.5,2.63,361.64
"Korea, Rep.",2000,BBB+,0,0.2427526167296984,2.206704735986015,8.54,1.02,4.06,9.06,18.1,1.3,1.77,96.25
Singapore,2000,AAA,1,0.0853251137541933,5.054678279919449,5.83,3.86,3.7,9.04,83.84,540.33,11.07,81.08
Norway,2000,AAA,1,0.09385827165042541,6.824960546439501,4.35,15.33,3.46,3.32,29.2,747.63,14.63,27.92
China,2000,BBB,0,0.22477900367578058,2.2044895888275184,5.85,2.1,3.26,8.59,16.3,-2.8,1.68,171.76
India,2000,BB+,0,0.40933672822394845,1.3454924228799536,12.29,3.64,7.62,3.84,55.0,-182.7,-0.98,41.06
Indonesia,2000,B-,0,0.22804661008813007,2.189235099450705,18.45,20.45,6.08,4.92,89.1,-1.6,4.84,29.35
Malaysia,2000,BBB+,0,0.1192246979252349,2.9810088476915357,7.67,8.86,3.0,8.86,32.4,-183.72,9.05,28.65
Thailand,2000,BBB-,1,-0.046786236137748204,1.770924088552784,7.83,1.33,2.39,4.46,21.96,-10.85,7.37,32.67
Philippines,2000,BB+,0,0.39369881069049806,1.5678354519458475,10.91,5.82,3.77,4.38,58.6,-179.61,-2.66,15.07
Brazil,2000,B+,2,0.20697799090202443,3.135353664605247,56.83,5.61,10.89,4.39,63.5,-62.01,-4.05,33.02
Mexico,2000,BB+,0,0.35746432096569297,1.870682076438477,16.93,10.7,2.65,5.03,18.19,-52.47,-2.53,35.58
Chile,2000,A-,0,0.397969749057316,1.525821672248642,14.84,4.56,10.49,4.97,13.15,-23.0,-1.15,15.06
Colombia,2000,BB,2,-0.08713970502099408,3.3019638456504192,18.79,33.68,20.52,2.92,17.71,-18.73,0.85,9.01
South Africa,2000,BBB+,0,0.28437668997064336,3.1696434870371095,14.5,9.18,22.71,4.2,39.64,-93.31,-0.13,7.7
Turkiye,2000,B+,2,0.2283954627602304,2.356463604412523,38.0,49.36,6.5,6.93,39.4,-10.5,-3.62,23.51
Poland,2000,BBB+,0,0.35220274219601727,2.032906005144666,19.0,6.06,14.93,4.66,36.8,-24.31,-5.98,27.47
Hungary,2000,BBB+,0,0.4338099994381103,1.6715921740351192,12.6,9.6,6.56,4.41,61.14,-145.98,-8.83,11.22
Romania,2000,B+,2,0.305295569153194,2.4783415763736736,53.85,43.18,6.97,2.46,22.5,-4.7,-3.64,3.4
Argentina,2000,BB,0,0.3635740061400267,2.0215039748634696,10.56,1.04,15.0,-0.79,38.9,-2.4,-3.16,25.15
Pakistan,2000,B-,2,0.005509785195347482,4.747050055259952,7.26,68.01,0.63,4.26,55.03,-196.36,-0.09,2.09
"Egypt, Arab Rep.",2000,BB-,0,0.4095978848682434,1.1634455288829053,13.22,3.94,8.98,6.37,79.5,-3.5,-0.97,13.79
Ghana,2000,B,2,0.024669768969096416,1.6514454034719297,27.0,27.23,10.46,3.7,94.2,-8.5,-7.75,0.31
Nigeria,2000,B-,1,-0.07687888611476798,2.7360580737283544,21.27,22.67,3.96,5.02,63.4,-3.5,10.74,10.1
Tunisia,2000,BBB,0,0.4236771333417573,1.5704827505092038,6.5,3.28,14.94,4.71,56.72,-3.1,-3.83,1.87
Ukraine,2000,B-,2,0.18198090696323757,1.9917812437675333,41.53,27.5,11.71,5.9,43.73,-28.57,4.15,1.48
Sri Lanka,2000,BB-,0,0.27009189375721254,3.5963381701077415,14.25,7.28,7.74,6.0,96.9,-403.12,-6.39,1.13
United States,2001,AAA,0,0.38044808924847373,1.1851331707969297,6.92,2.25,4.73,0.96,52.44,4.17,-3.72,130.08
Canada,2001,AA+,0,0.24634402185360355,1.385871300381637,5.81,1.57,7.22,1.88,57.46,68.67,2.13,34.25
United Kingdom,2001,AAA,0,0.33412550658498175,1.2701695020907389,5.12,1.51,4.7,2.57,84.36,32.25,-1.77,47.42
Germany,2001,AAA,0,0.38396080930287585,0.8231124997738536,4.25,1.43,7.77,1.64,58.8,-75.93,-0.17,82.13
France,2001,AAA,0,0.3548854042635738,0.9634040175169926,4.25,1.9,8.61,1.9,58.0,-89.91,1.53,58.64
Italy,2001,AA,0,0.3584349890462988,1.5564705265939145,7.29,3.06,9.6,2.01,105.4,-139.41,0.15,46.22
Spain,2001,AA+,0,0.4575595719830807,0.9028759704272846,4.25,4.16,10.35,3.92,52.0,-0.51,-4.33,34.24
Netherlands,2001,AAA,0,0.20865498103715033,1.5426906477838211,5.0,4.37,2.12,2.32,47.5,-16.33,2.27,16.9
Sweden,2001,AA+,1,-0.03561389382537988,1.3188019998875415,5.73,2.59,4.73,1.36,54.7,87.05,6.17,15.63
Switzerland,2001,AAA,1,0.0051487012474339755,1.5898121741099072,3.34,0.97,2.49,1.58,24.7,10.49,6.67,51.55
Australia,2001,AA+,0,0.3746095894768211,1.2370529876075138,6.84,4.63,6.75,2.03,27.69,38.12,-2.1,18.66
Japan,2001,AA,1,-0.10665671822920625,2.26481305890485,1.97,-1.08,5.02,0.39,142.3,-6.3,1.97,401.96
"Korea, Rep.",2001,BBB+,0,0.3012325282327555,1.5280810715078843,7.71,3.48,3.7,4.85,19.9,1.2,0.4,102.88
Singapore,2001,AAA,1,0.1592409647312382,2.884975370908466,5.65,-1.81,3.76,-1.07,93.94,270.46,14.43,76.6
Norway,2001,AAA,1,0.11205298784295177,6.1249540435032666,4.35,1.71,3.74,2.07,27.0,670.36,15.81,23.6
China,2001,BBB,0,0.2411816525225386,2.0812626077286223,5.85,2.21,3.8,8.31,17.7,-2.6,1.28,220.06
India,2001,BB+,0,0.3755859662288094,1.6279466506011362,12.08,3.22,7.65,4.82,59.02,-208.2,0.29,49.05
Indonesia,2001,B-,0,0.2577689425010446,1.7709620856030295,18.55,14.3,6.08,3.64,77.0,-2.4,4.3,28.1
Malaysia,2001,BBB+,1,-0.08826852096514254,2.3343506225749326,7.13,-1.58,3.53,0.52,35.8,-160.65,7.85,29.85
Thailand,2001,BBB-,1,-0.15372060636683835,1.7652305342593235,7.27,1.92,2.6,3.44,24.58,-12.64,4.24,33.04
Philippines,2001,BB+,0,0.3971683070461936,1.080101890645968,12.4,5.62,3.7,3.05,59.26,-4.0,-2.22,15.68
Brazil,2001,B+,2,0.23684400526908364,2.9474104718953495,57.62,8.23,10.65,1.39,66.2,-70.46,-4.44,35.87
Mexico,2001,BB+,0,0.29303518522314503,1.9231128521406884,12.79,6.47,2.63,-0.45,22.7,-0.7,-2.23,44.8
Chile,2001,A-,0,0.40735826857873864,1.321583125484434,11.89,4.28,10.39,3.15,14.9,-21.57,-1.54,14.4
Colombia,2001,BB,0,0.3023405993146067,2.2247555193931925,20.72,6.52,15.04,1.68,46.8,-155.19,-1.06,10.24
South Africa,2001,BBB+,0,0.295869969165421,3.0903203944791615,13.77,7.8,22.6,2.7,42.9,-43.41,0.25,7.63
Turkiye,2001,B+,2,0.2966481847539063,3.3695581341690177,55.0,52.98,8.38,-5.75,76.1,-16.1,1.86,19.91
Poland,2001,BBB+,0,0.33799619231959355,2.581815289897566,15.5,3.2,18.43,1.23,37.6,-146.86,-3.1,26.56
Hungary,2001,BBB+,0,0.4143496900321242,1.895989151085099,12.12,11.03,5.67,4.06,59.31,-215.5,-6.11,10.76
Romania,2001,B+,2,0.25623815948161854,2.080549318849487,45.4,37.96,6.56,5.22,25.7,-3.5,-5.52,4.86
Argentina,2001,B-,0,0.26841276386502483,2.972013419021864,10.56,-1.1,17.32,-4.41,53.7,-3.4,-1.41,14.56
Pakistan,2001,B-,0,0.2394103428686551,2.1567600611005937,7.26,6.01,0.63,3.65,84.7,-180.17,1.93,4.22
"Egypt, Arab Rep.",2001,BB-,0,0.4104421240102901,0.8866821094270071,13.29,1.87,9.26,3.54,77.2,-5.8,-0.4,13.6
Ghana,2001,B,2,0.03468152256072258,2.933787407539707,27.0,34.82,9.6,4.0,103.5,-299.3,-8.04,0.38
Nigeria,2001,B-,0,0.2521571434953161,2.132669367056664,23.44,10.08,3.91,5.92,66.5,-3.8,3.37,10.65
Tunisia,2001,BBB,0,0.4317825891497756,1.4298108567464933,6.5,3.91,14.4,3.8,56.47,-2.6,-3.81,2.05
Ukraine,2001,B-,2,-0.12831866629537833,3.003535228971269,32.28,10.2,11.06,8.8,36.5,-38.08,3.37,3.09
Sri Lanka,2001,BB-,0,0.18884663450530903,4.158837572144661,14.25,13.66,7.9,-1.55,103.22,-448.38,-1.37,1.36
United States,2002,AAA,0,0.4070519445006578,1.2744383547107958,4.67,1.55,5.78,1.7,53.86,-138.3,-4.17,157.76
Canada,2002,AA+,0,0.2772747095810795,1.2817477234151047,4.21,1.26,7.66,3.0,54.15,62.56,1.65,37.19
United Kingdom,2002,AAA,0,0.3708412382773512,1.21735991138637,4.0,2.12,5.04,1.8,86.4,-94.15,-1.97,54.96
Germany,2002,AAA,0,0.2940622170290052,1.4334761147974273,3.25,1.5,8.48,-0.23,60.0,-100.72,1.98,89.14
France,2002,AAA,0,0.33513431486851514,1.5097007546659265,3.25,2.06,8.7,1.07,60.3,-168.44,1.18,61.7
Italy,2002,AA,0,0.3515100454532556,1.5500492134168569,6.54,3.31,9.21,0.27,102.4,-110.93,-0.49,55.62
Spain,2002,AA+,0,0.4344771916112473,1.0429032978790092,3.25,4.09,11.15,2.76,50.15,6.58,-3.63,40.3
Netherlands,2002,AAA,0,0.20648544290973578,1.7352308708878963,3.96,3.88,2.55,0.25,47.4,-84.51,2.32,18.95
Sweden,2002,AA+,0,0.17810086366043554,1.3997202785035876,5.79,1.62,4.96,2.28,52.5,-33.75,4.66,19.17
Switzerland,2002,AAA,1,0.01979470216226291,1.6370408788417827,3.34,-0.25,2.92,-0.07,29.74,9.2,6.87,61.28
Australia,2002,AA+,0,0.43482519705494577,1.0926091664075586,6.36,2.84,6.38,3.98,25.88,-22.53,-4.04,21.57
Japan,2002,AA,1,-0.07783460422122983,2.396517878168502,1.86,-1.39,5.39,0.04,149.3,-8.0,2.6,469.62
"Korea, Rep.",2002,BBB+,0,0.2628521945465318,1.9864719203885186,6.77,3.03,3.05,7.73,19.2,2.8,0.65,121.5
Singapore,2002,AAA,1,0.14660513906345785,2.529009406025956,5.35,-0.9,5.65,3.92,106.33,224.25,14.88,83.41
Norway,2002,AAA,1,0.12079126226394973,3.981051012797626,4.35,-1.52,4.02,1.38,30.9,431.48,12.39,32.4
China,2002,BBB,0,0.21958523316867756,2.2875197978091846,5.31,0.64,4.24,9.24,18.5,-64.34,2.38,297.74
India,2002,BB+,0,0.3488844372340571,1.7490665194544839,11.92,3.72,7.75,3.8,62.55,-222.8,1.37,71.61
Indonesia,2002,B-,0,0.28530824897839235,1.6728672689027433,18.95,5.9,6.6,4.5,32.22,-31.57,4.0,32.03
Malaysia,2002,BBB+,0,0.16191661130766904,2.703837709316293,6.53,3.13,3.48,5.39,43.05,-252.77,7.13,33.76
Thailand,2002,BBB-,0,0.19379917124220003,1.9302949325930203,6.363333333333333,1.69,1.82,6.15,30.07,-40.71,3.47,38.9
Philippines,2002,BB+,0,0.35819646073248335,1.0454765742923966,9.14,4.23,3.62,3.72,64.72,-5.3,-0.33,16.32
Brazil,2002,B+,2,0.25220046520426836,3.2696897625714,62.88,9.8,10.64,3.05,74.6,-39.57,-1.85,37.83
Mexico,2002,BBB-,0,0.28358216354888927,1.7802636456956031,8.21,5.5,3.0,-0.24,23.2,-1.2,-1.53,50.67
Chile,2002,A-,0,0.39990797287995417,1.2524586047658914,7.76,3.34,10.17,3.2,15.3,-60.27,-0.83,15.34
Colombia,2002,BB,0,0.3571825183447496,2.195740020247631,16.33,5.97,14.48,2.5,50.8,-212.49,-1.32,10.84
South Africa,2002,BBB+,0,0.2557227229712996,3.196492039515387,15.75,12.54,22.55,3.7,39.6,-75.72,0.78,7.82
Turkiye,2002,B+,2,0.2650687570624468,1.7777175926024844,44.0,37.57,10.36,6.45,69.9,-10.3,-0.26,28.35
Poland,2002,BBB+,0,0.33576179881149365,3.0288818357896163,8.75,1.82,20.21,1.9,42.2,-218.51,-2.78,29.78
Hungary,2002,BBB+,0,0.30508693676224724,3.403866866754416,10.17,8.05,5.61,4.73,58.99,-401.21,-6.45,10.38
Romania,2002,B+,2,0.0757769024276537,1.8473354210349053,35.42,22.71,8.11,5.7,24.9,-2.0,-3.31,7.29
Argentina,2002,B-,2,-0.049443362884077656,5.91925156421629,10.56,30.56,19.59,-10.89,166.4,-234.95,8.97,10.49
Pakistan,2002,B-,0,0.17847627406481034,2.0827474305018447,7.26,3.92,0.64,2.59,80.1,-137.31,3.94,8.8
"Egypt, Arab Rep.",2002,BB-,0,0.3815686359022021,1.0604260780633468,13.79,3.17,10.01,2.39,78.6,-6.1,0.73,14.08
Ghana,2002,B,2,-0.104658138300735,2.489465217172368,24.5,22.82,8.7,4.5,106.8,-230.97,-1.71,0.64
Nigeria,2002,B-,0,0.14551541303800045,4.025900573682826,24.77,21.11,3.68,15.33,61.9,-3.5,1.14,7.57
Tunisia,2002,BBB,0,0.40538158771887384,1.5684187526124325,6.5,2.28,14.55,1.32,55.93,-2.7,-3.22,2.36
Ukraine,2002,B-,0,0.20167597822012268,2.5420233339754748,25.35,5.25,10.14,5.34,33.5,15.43,7.23,4.46
Sri Lanka,2002,BB-,0,0.2958253241173891,3.1012798011627547,13.17,8.11,8.76,3.96,105.52,-356.36,-1.43,1.71
United States,2003,AAA,0,0.3922896038609898,1.63382616045454,4.12,1.97,5.99,2.8,56.25,-197.77,-4.56,184.02
Canada,2003,AA+,0,0.2946355552110965,1.2142233790824684,4.69,3.25,7.57,1.81,51.27,52.1,1.16,36.27
United Kingdom,2003,AAA,0,0.35861360617872384,1.5688440302975777,3.7,2.39,4.81,3.15,86.69,-170.66,-1.83,56.35
Germany,2003,AAA,0,0.3020602140807643,1.5746078611834353,2.0,1.32,9.78,-0.53,63.9,-108.4,1.53,96.84
France,2003,AAA,0,0.3169231511150769,1.8146490280142635,2.0,1.8,8.31,0.97,64.4,-206.16,0.87,70.76
Italy,2003,AA,0,0.34379636180831935,1.7198543429987858,5.83,3.17,8.87,0.07,101.3,-148.76,-0.77,63.26
Spain,2003,AA+,0,0.4212117793876712,1.2021070111417567,2.0,4.0,11.28,2.94,45.48,17.23,-3.81,26.81
Netherlands,2003,AAA,0,0.14507687585221862,2.082621801034455,3.0,2.29,3.59,0.1,48.0,-142.78,5.13,21.6
Sweden,2003,AA+,1,-0.13294598643349156,1.3895703821827194,5.02,1.85,5.56,1.88,51.7,-35.09,5.86,22.17
Switzerland,2003,AAA,1,0.08093994210944977,1.7657418532142852,3.34,1.18,4.12,-0.03,28.8,-35.06,10.79,69.56
Australia,2003,AAA,0,0.40599815695357505,1.5015750788653675,6.61,2.99,5.93,3.09,25.07,38.48,-6.27,33.26
Japan,2003,AA,1,-0.04202481107849005,2.4796666791521624,1.82,-1.61,5.25,1.54,157.5,-8.0,3.08,673.55
"Korea, Rep.",2003,BBB+,0,0.23448344958655376,1.5785012797366136,6.24,3.45,3.35,3.15,21.6,0.5,1.61,155.47
Singapore,2003,AAA,1,0.187790275037068,3.3187158513810413,5.31,-1.8,5.93,4.55,108.59,137.49,24.3,97.74
Norway,2003,AAA,1,0.12206772073850593,3.608610758786314,4.35,2.86,4.22,0.94,39.9,394.32,12.07,37.71
China,2003,BBB,0,0.2011106347766826,2.482819732043319,5.31,2.64,4.58,10.12,18.6,-58.86,2.56,416.2
India,2003,BB+,0,0.34749548582713075,1.7697929009557603,11.46,3.87,7.68,7.86,62.19,-167.61,1.44,103.74
Indonesia,2003,B-,0,0.3145937524979541,1.5885349054360824,16.93,5.49,6.66,4.78,29.72,-90.41,3.45,36.26
Malaysia,2003,A-,1,-0.0501748224444266,2.852904531563715,6.3,3.3,3.61,5.79,45.08,-223.88,12.14,44.31
Thailand,2003,BBB+,1,-0.14322208626991503,2.181160766361981,5.456666666666666,2.15,1.54,7.19,27.05,71.34,3.13,42.16
Philippines,2003,BB+,0,0.3282575770858756,1.8318770768128634,9.47,3.19,3.53,5.09,71.12,-201.2,0.33,17.08
Brazil,2003,B+,2,0.2575975207755769,3.6078244100204984,67.08,14.09,11.17,1.14,69.3,-146.98,0.39,49.3
Mexico,2003,BBB-,0,0.2916920160368022,1.5451159828437542,7.02,4.28,3.46,1.19,23.5,-0.7,-0.53,59.03
Chile,2003,A-,0,0.3691491739201846,1.3803282860373827,6.18,4.3,9.76,4.72,12.4,-25.75,0.21,15.84
Colombia,2003,BB,0,0.3818432151065504,2.061738830808768,15.19,6.83,13.22,3.92,52.54,-221.57,-0.96,10.92
South Africa,2003,BBB+,0,0.2862350021532237,3.2074284425207016,14.96,6.4,22.63,2.95,37.0,-126.98,-0.78,8.15
Turkiye,2003,B+,2,-0.09003496915595356,1.7426923741394673,26.0,23.29,10.54,5.76,59.2,-8.8,-2.4,35.55
Poland,2003,BBB+,0,0.32661384767850343,3.1160188355745726,5.25,0.77,19.9,3.52,47.1,-250.62,-2.5,33.96
Hungary,2003,BBB+,0,0.3418363029326877,2.9774444511711087,9.6,5.41,5.79,3.94,59.83,-343.53,-8.26,12.79
Romania,2003,B+,2,-0.10221045743893896,1.9313051722373824,25.43,23.15,6.95,2.34,21.5,-1.5,-5.73,9.45
Argentina,2003,B-,0,0.20595763878539963,3.2854094013333617,10.56,10.5,15.36,8.84,138.7,-110.71,6.38,14.16
Pakistan,2003,B-,0,0.21565453721081257,2.0673392432055566,7.26,3.55,0.63,5.4,76.2,-138.6,3.18,11.82
"Egypt, Arab Rep.",2003,BB-,0,0.29042752540974837,1.5106021490563217,13.53,6.78,10.91,3.19,82.3,-6.2,4.66,14.6
Ghana,2003,B,2,-0.11229260900337663,2.2573987531073363,21.5,28.7,7.72,5.2,98.7,-159.72,1.33,1.47
Nigeria,2003,B-,0,0.26929336814480215,2.092563744569003,20.71,9.8,3.65,7.35,58.3,-43.81,3.24,7.42
Tunisia,2003,BBB,0,0.4295285226366419,1.5242079404218989,6.5,2.68,14.51,4.7,55.02,-107.45,-2.66,3.04
Ukraine,2003,B-,0,0.23640812129235064,2.4735333755375977,17.89,8.16,9.06,9.52,29.0,-8.69,5.58,6.95
Sri Lanka,2003,BB-,0,0.311139883471391,2.689295217179657,10.35,8.75,8.22,5.94,102.27,-302.65,-0.37,2.33
United States,2004,AAA,0,0.40665353915800856,1.5446095822697812,4.34,2.69,5.53,3.85,56.66,-179.85,-5.2,190.46
Canada,2004,AA+,0,0.2533222754931789,1.3553891747959406,4.0,3.26,7.18,3.09,46.8,63.62,2.26,34.48
United Kingdom,2004,AAA,0,0.36285530500532404,1.508817861431077,4.38,2.59,4.59,2.46,90.51,-149.84,-2.29,62.14
Germany,2004,AAA,0,0.25567014260282656,1.6581526781876519,2.0,1.16,10.73,1.16,65.8,-112.51,4.53,97.17
France,2004,AAA,0,0.3617551259284666,1.3885788624843536,2.0,1.63,8.91,2.87,65.9,-167.62,0.43,77.35
Italy,2004,AA,0,0.3600587457643869,1.3934114154243464,5.51,2.63,7.87,1.47,100.1,-120.78,-0.5,62.39
Spain,2004,AA+,0,0.44432313975424775,1.2080612661904486,2.0,3.91,11.09,3.11,43.44,-14.05,-5.42,19.76
Netherlands,2004,AAA,1,-0.09540289122455903,1.5882304090180057,2.75,1.2,4.65,2.02,49.0,-80.07,6.7,21.6
Sweden,2004,AAA,1,-0.14575069013724232,1.3922724221356373,4.18,0.41,6.69,4.18,50.3,6.01,5.96,24.77
Switzerland,2004,AAA,1,0.10112489744196149,1.7287307687411646,3.34,0.3,4.32,2.7,29.37,-42.36,12.49,74.57
Australia,2004,AAA,0,0.40485082509887044,1.601989007626151,7.05,3.23,5.4,4.22,22.86,35.98,-6.72,36.93
Japan,2004,AA,1,-0.001583956764275188,2.6671913867539567,1.77,-1.12,4.73,2.19,165.3,-6.2,3.72,844.67
"Korea, Rep.",2004,BBB+,1,-0.17507005448143997,1.703300401408909,5.9,3.13,3.42,5.2,23.7,1.2,3.69,199.2
Singapore,2004,AAA,1,0.13342992430797834,3.3362040319201895,5.3,3.96,5.84,9.94,101.78,182.66,19.31,114.16
Norway,2004,AAA,1,0.10709309707583212,4.753813609091574,4.35,5.85,4.26,4.01,45.1,531.45,12.44,44.31
China,2004,BBB,0,0.15667081359169469,2.6828649457869225,5.58,6.99,4.49,10.13,18.4,-48.67,3.47,622.95
India,2004,BB+,0,0.37554375189533123,1.6108024552811118,10.92,5.73,7.62,7.92,62.59,-149.39,0.11,131.63
Indonesia,2004,B-,0,0.4123105661943068,0.8940747174812237,14.12,8.55,7.3,5.03,56.2,-48.4,0.61,36.31
Malaysia,2004,A-,1,-0.01883823844122724,2.3761900869335753,6.05,6.01,3.54,6.78,45.7,-140.22,12.09,66.39
Thailand,2004,BBB+,0,0.19004036760033868,2.118513786226908,4.55,3.57,1.51,6.29,24.4,50.16,1.6,49.85
Philippines,2004,BB+,0,0.3104640648896028,1.8472941182073908,10.08,5.89,3.55,6.57,71.6,-172.04,1.71,16.23
Brazil,2004,B+,2,0.1973619240613661,3.033331851589418,54.92,7.75,10.07,5.76,65.9,-62.9,1.34,52.93
Mexico,2004,BBB-,0,0.33570720944691373,1.3735977291897992,7.44,8.12,3.94,3.57,22.7,-0.3,-0.46,64.2
Chile,2004,A-,0,0.22866334576781558,2.218120897849576,5.13,7.02,10.16,6.67,10.7,91.23,3.26,16.0
Colombia,2004,BB,0,0.3829104141828925,2.1085436994330937,15.08,7.28,13.72,5.33,43.0,-205.75,-0.66,13.54
South Africa,2004,BBB+,0,0.3264004435947065,3.095177955598286,11.29,6.04,22.54,4.55,34.6,-91.75,-2.51,14.89
Turkiye,2004,B+,0,0.3401516795763704,2.2102927137458552,18.0,12.43,10.84,9.8,52.3,-4.9,-3.47,37.3
Poland,2004,BBB+,0,0.3573664667229735,3.02127474776364,6.5,4.93,18.82,5.09,45.7,-248.23,-5.97,36.77
Hungary,2004,BBB+,0,0.3686536122592724,2.6024768231428155,12.82,5.14,5.83,4.96,63.07,-280.84,-9.08,15.97
Romania,2004,B+,0,0.18644966645586353,3.147351977382614,25.61,15.46,7.72,10.43,18.7,-1.2,-8.51,16.1
Argentina,2004,B-,0,0.26255315777192767,2.835289498830828,10.56,18.36,13.52,9.03,127.4,-17.53,1.95,19.66
Pakistan,2004,B-,0,0.2940841971655417,2.0319355952224547,7.26,7.25,0.61,7.83,70.1,-91.91,-0.62,10.72
"Egypt, Arab Rep.",2004,BB-,0,0.277986246144928,1.6525447568644605,13.38,11.67,10.32,4.09,88.9,-6.9,4.98,15.34
Ghana,2004,B,0,0.3356854340201719,1.746235249301204,18.5,14.35,6.76,5.6,81.6,-73.39,-6.65,1.75
Nigeria,2004,B-,1,-0.05157398379044823,3.181877032962249,19.18,22.37,3.6,9.25,52.7,-8.66,12.4,17.26
Tunisia,2004,BBB,0,0.40486398228181253,1.6863255811878144,5.0,3.35,14.23,6.24,53.84,-121.68,-1.42,4.03
Ukraine,2004,B-,0,0.15095062022916486,3.5588852279180356,17.4,15.31,8.59,11.8,24.7,-146.84,10.28,9.72
Sri Lanka,2004,BB-,0,0.3252089355539679,2.828007404799876,9.47,8.8,8.38,5.45,102.33,-324.18,-3.13,2.2
United States,2005,AAA,0,0.42875532049870335,1.309490639276222,6.19,3.14,5.08,3.48,56.54,-139.5,-5.75,188.26
Canada,2005,AA+,0,0.2816838896711846,1.1991438421252005,4.42,3.12,6.76,3.21,46.06,43.32,1.87,33.02
United Kingdom,2005,AAA,0,0.36837204291333725,1.4073258503100519,4.65,2.94,4.84,2.73,92.16,-136.54,-1.98,59.14
Germany,2005,AAA,0,0.24996209649317921,1.7153947053838312,2.25,0.53,11.19,0.89,67.9,-104.24,4.64,101.68
France,2005,AAA,0,0.37444817868167785,1.1809427255272404,2.25,1.96,8.88,1.89,67.4,-132.44,-0.01,74.36
Italy,2005,AA,0,0.3399793189877188,1.7348890756515019,5.31,2.08,7.73,0.76,102.6,-163.06,-0.9,65.95
Spain,2005,AA+,0,0.4133001140991108,1.5521056852778157,2.25,4.21,9.15,3.55,40.23,56.1,-7.21,17.23
Netherlands,2005,AAA,1,-0.10320997521956184,1.3420492199140828,2.77,1.98,5.87,2.03,48.9,-12.74,6.04,20.45
Sweden,2005,AAA,1,-0.12528901303293083,1.4084946803245664,3.53,0.76,7.81,2.79,50.4,40.29,6.02,24.87
Switzerland,2005,AAA,1,0.08803116298955456,1.5963801740196166,3.34,0.92,4.44,2.75,29.4,-21.25,11.36,57.58
Australia,2005,AAA,0,0.3860033540682144,1.6481666704643592,7.26,3.83,5.04,3.15,22.41,52.06,-6.23,43.26
Japan,2005,AA,1,-0.023151161031535895,3.1364882453984966,1.68,-1.19,4.45,1.8,175.3,-100.75,3.52,846.9
"Korea, Rep.",2005,BBB+,0,0.24402502398605713,1.546087308775917,5.59,1.04,3.48,4.31,26.5,0.5,1.31,210.55
Singapore,2005,AAA,1,0.17307881590661245,3.8053962886086095,5.3,1.9,5.59,7.37,94.97,272.86,23.26,118.06
Norway,2005,AAA,1,0.11314056196757115,6.005036703440674,4.35,8.76,4.38,2.69,44.7,661.1,16.12,46.99
China,2005,BBB,1,-0.07002945079759806,2.8925158774172295,5.58,3.75,4.52,11.46,17.5,-12.72,5.71,831.41
India,2005,BB+,0,0.39904138888648805,1.5017509822838664,10.75,5.62,7.55,7.92,62.23,-134.26,-1.25,137.82
Indonesia,2005,B-,0,0.3947078117096598,1.2705135548436686,14.05,14.33,7.94,5.69,45.7,-3.53,0.1,34.73
Malaysia,2005,A-,1,0.035575630061953536,2.3289400285052966,5.95,8.86,3.53,5.33,42.07,-129.24,13.92,70.46
Thailand,2005,BBB+,0,0.2636277557096671,2.209274166812375,4.72,5.09,1.35,4.19,25.46,105.74,-4.04,52.08
Philippines,2005,BB+,0,0.3299430076504158,1.3930257290788637,10.18,5.91,3.8,4.94,65.71,-126.4,1.85,18.47
Brazil,2005,B+,2,0.20931749398151908,2.976625598646005,55.38,7.43,10.55,3.2,67.4,-121.77,1.31,53.8
Mexico,2005,BBB-,0,0.31820742411019093,1.479097134739748,9.7,5.88,3.56,2.11,21.4,-0.1,-0.62,74.11
Chile,2005,A-,0,0.18139678838557682,2.707099080586359,6.68,7.12,9.34,5.84,7.3,190.88,1.91,16.93
Colombia,2005,BB,0,0.43818556996233643,1.1011105965974,14.56,4.75,11.06,4.83,40.3,-29.61,-1.34,14.95
South Africa,2005,BBB+,0,0.3236881097650269,3.1076165526614363,10.62,5.6,22.46,5.28,31.5,-8.63,-2.77,20.62
Turkiye,2005,B+,0,0.40673156255710213,1.827658024934912,13.5,7.09,10.64,8.99,46.1,-1.3,-4.14,52.49
Poland,2005,BBB+,0,0.3753402699354756,2.3847821097985378,4.5,2.62,17.59,3.26,47.1,-180.83,-3.3,42.56
Hungary,2005,BBB+,0,0.35144291568316377,2.9969723708326006,8.54,2.62,7.19,4.3,65.29,-333.56,-9.89,18.6
Romania,2005,B+,0,0.32476116043246483,2.1259881662765556,19.6,12.01,7.17,4.67,15.8,-1.2,-8.67,21.6
Argentina,2005,B-,0,0.3152515494478849,1.9376188892085622,10.56,10.32,11.51,8.85,72.6,1.3,2.65,28.08
Pakistan,2005,B-,0,0.3269001104036904,2.081680841799159,9.07,5.56,0.58,7.28,63.0,-144.04,-2.48,11.11
"Egypt, Arab Rep.",2005,BB-,0,0.3417164814327982,1.4421428234389693,13.14,6.21,11.05,4.47,95.4,-8.2,2.35,21.86
Ghana,2005,B,0,0.3545921041700563,1.9874001197335018,15.5,14.96,5.82,5.9,62.8,-54.95,-10.28,1.9
Nigeria,2005,B-,1,0.0859889562013302,3.518606533253306,17.95,19.86,3.73,6.44,20.4,13.6,20.79,28.63
Tunisia,2005,BBB,0,0.41826215087641044,1.3256556193086897,5.0,4.18,12.87,3.49,52.42,-130.16,-0.93,4.55
Ukraine,2005,B-,0,0.27992432114055205,2.1809991961295676,16.17,24.1,7.18,3.07,17.7,-60.05,2.84,19.39
Sri Lanka,2005,BB-,0,0.3353487669148047,2.6692721434770643,10.76,10.42,7.67,6.24,90.6,-307.75,-2.66,2.73
United States,2006,AAA,0,0.432527854254475,1.1736691698687591,7.96,3.08,4.62,2.78,55.47,-93.64,-5.91,221.09
Canada,2006,AA+,0,0.2761790150974879,1.3157175148233557,5.81,2.57,6.48,2.64,43.29,63.15,1.36,35.06
United Kingdom,2006,AAA,0,0.3915327406933738,1.302205023639297,4.64,2.79,5.41,2.38,92.16,-118.11,-3.12,63.82
Germany,2006,AAA,0,0.22425885946479818,1.5300143488872444,3.5,0.45,10.28,3.86,67.6,-56.72,5.84,111.64
France,2006,AAA,0,0.3956405857469563,0.8497512000709535,3.5,2.0,8.83,2.71,64.6,-100.45,0.02,98.24
Italy,2006,AA-,0,0.36440008070925717,1.389555252130896,5.62,2.22,6.78,1.8,103.3,-110.31,-1.45,75.77
Spain,2006,AA+,0,0.3966255793056583,1.8450987153908887,3.5,4.07,8.45,4.04,35.75,79.43,-8.79,19.34
Netherlands,2006,AAA,1,-0.021816853181225473,1.2572593683671907,3.54,2.58,5.01,3.54,44.3,14.4,7.75,23.9
Sweden,2006,AAA,1,-0.047427661915908186,1.4535711133697962,3.68,1.75,7.07,4.68,45.0,51.81,8.16,28.02
Switzerland,2006,AAA,1,0.11335707392696304,1.695180883188914,3.34,2.15,4.0,4.07,25.77,16.49,12.48,64.46
Australia,2006,AAA,0,0.3671169737448947,1.768953214892547,7.61,5.12,4.78,2.76,21.44,69.63,-6.18,55.08
Japan,2006,AA,1,0.014955279604641228,2.958012672509573,1.66,-0.86,4.19,1.37,175.4,-21.2,3.8,895.32
"Korea, Rep.",2006,BBB+,0,0.272166655485127,1.58914095214612,5.99,-0.22,3.25,5.26,28.7,1.0,0.2,239.15
Singapore,2006,AAA,1,0.1750295951898431,4.24191998007497,5.31,1.84,4.48,9.01,82.84,244.36,26.89,138.65
Norway,2006,AAA,1,0.10525562603023936,6.874180460222108,4.35,8.73,3.4,2.46,56.3,763.63,16.12,56.84
China,2006,BBB,1,-0.0030770356294330076,3.3200020158744956,6.12,4.02,4.43,12.67,16.2,-6.94,8.31,1080.76
India,2006,BB+,0,0.39923231053778446,1.423617370138339,11.19,8.4,7.55,8.06,59.67,-96.76,-0.99,178.05
Indonesia,2006,B-,0,0.3266102276545014,1.5544846622227966,15.98,14.09,7.55,5.5,39.0,-17.49,2.98,42.6
Malaysia,2006,A-,1,0.09341252243890108,2.3550875390110386,6.49,3.98,3.32,5.58,40.59,-101.66,16.1,82.88
Thailand,2006,BBB+,0,0.1882049012546007,2.1140815826562833,6.27,5.1,1.22,4.97,24.38,76.67,1.04,67.01
Philippines,2006,BB+,0,0.2042172352543969,1.5877984300015313,9.78,5.11,4.05,5.32,58.8,-53.09,5.45,22.96
Brazil,2006,B+,2,0.1804541924429577,2.7220302307860598,50.81,6.77,9.69,3.96,64.9,-106.22,0.97,85.84
Mexico,2006,BBB-,0,0.32502684649712155,1.4913420664240378,7.51,6.11,3.57,4.81,20.7,-0.1,-0.32,76.33
Chile,2006,A-,1,-0.057419037108471085,3.566943101364683,8.0,12.35,9.02,6.05,5.3,308.78,5.5,19.4
Colombia,2006,BB,0,0.43500191006905414,1.3491986009844563,12.89,5.81,11.09,6.72,36.8,-69.94,-1.85,15.44
South Africa,2006,BBB+,0,0.31793525058819566,3.2046870277430015,11.17,6.06,22.32,5.6,29.5,38.17,-4.0,25.59
Turkiye,2006,B+,0,0.3994901911499479,1.7073032804597503,17.5,9.38,10.23,6.95,39.9,-0.6,-5.59,63.26
Poland,2006,BBB+,0,0.4163158632092805,1.8588770235181469,4.0,1.75,13.79,6.2,47.7,-149.7,-4.65,48.47
Hungary,2006,BBB+,0,0.32947676386256475,3.1148910497009163,8.08,3.67,7.49,3.93,68.45,-369.76,-7.29,21.59
Romania,2006,B+,0,0.3687770801927329,2.4605014998326094,13.98,10.61,7.27,8.03,12.4,-2.2,-10.67,30.21
Argentina,2006,B-,0,0.3215050603978723,1.751391475468757,10.56,13.74,10.08,8.05,63.0,1.7,2.79,32.02
Pakistan,2006,B-,0,0.3472030076718046,2.133279021336432,10.99,6.0,0.58,6.05,56.1,-175.04,-4.17,12.88
"Egypt, Arab Rep.",2006,BB-,0,0.3323020281853346,1.608605456578183,12.6,7.36,10.49,6.84,91.8,-7.6,2.45,26.01
Ghana,2006,B,2,0.08816512259102863,5.410980790182138,12.5,84.68,4.9,6.4,38.4,-176.67,-5.06,2.27
Nigeria,2006,BB-,1,0.008862730718893621,3.2357992111854355,16.89,23.86,3.76,6.06,11.0,-21.93,15.31,42.74
Tunisia,2006,BBB,0,0.43315976024748915,1.2712774110133342,5.25,3.83,12.51,5.24,48.56,-108.85,-1.8,6.91
Ukraine,2006,B-,0,0.36859554331909805,1.9298397556997713,15.17,14.85,6.81,7.57,14.8,-43.42,-1.45,22.36
Sri Lanka,2006,BB-,0,0.33367715402755826,2.774462215410665,12.85,11.28,6.5,7.67,88.7,-289.42,-5.3,2.83
United States,2007,AAA,0,0.4117422974569783,1.2281327872239842,8.05,2.71,4.62,2.0,55.66,-103.9,-5.09,277.55
Canada,2007,AA+,0,0.28222486756227677,1.362865735659142,6.1,3.3,6.16,2.05,39.16,64.3,0.75,41.08
United Kingdom,2007,AAA,0,0.39922929794638273,1.2901637586290604,5.51,2.25,5.34,2.62,93.8,-108.71,-3.73,77.72
Germany,2007,AAA,1,-0.1459446109526175,1.3305547126984025,4.0,1.84,8.73,2.89,64.9,-15.64,6.71,135.93
France,2007,AAA,0,0.39942821636649134,0.7822332221934131,4.0,2.39,8.01,2.53,64.4,-98.37,-0.33,115.49
Italy,2007,AA-,0,0.3573553793555401,1.256725850214427,6.33,2.47,6.08,1.46,99.8,-63.07,-1.36,94.11
Spain,2007,AA+,0,0.3888983475708236,1.9525588710863815,4.0,3.56,8.23,3.53,31.73,83.48,-9.37,19.03
Netherlands,2007,AAA,1,-0.09780241058052724,1.3422257423405863,4.6,2.05,4.15,3.89,42.7,6.69,5.86,26.93
Sweden,2007,AAA,1,-0.001888932267052999,1.3975058169489223,4.215,2.92,6.16,3.22,40.2,81.84,8.15,31.03
Switzerland,2007,AAA,1,0.026004306762600606,1.5190618566856722,3.34,2.38,3.64,3.92,23.66,26.54,8.32,75.17
Australia,2007,AAA,0,0.3776726651537428,1.883769017603569,8.2,4.99,4.38,3.77,20.1,60.74,-7.57,26.91
Japan,2007,AA,1,0.024819527043921374,3.053649357833779,1.88,-0.71,3.89,1.48,175.4,-60.84,4.62,973.3
"Korea, Rep.",2007,BBB+,0,0.25601608618066324,1.658675131646963,6.55,2.42,3.01,5.8,28.7,2.1,0.89,262.53
Singapore,2007,AAA,1,0.15820070477195683,5.321025947923729,5.33,5.92,3.9,9.02,77.28,442.41,27.14,166.16
Norway,2007,AAA,1,0.10217078697503193,6.119916430353492,4.35,3.08,2.49,2.91,54.9,691.51,12.35,60.84
China,2007,BBB,1,0.03653819944595845,4.106099812725226,7.47,7.91,4.35,14.15,20.2,0.6,9.8,1546.36
India,2007,BBB-,0,0.38245610122369267,1.352721181211427,13.02,6.94,7.56,7.66,57.5,-22.06,-0.66,276.58
Indonesia,2007,B-,0,0.3479624150138105,1.4486104372103314,13.86,11.26,8.06,6.35,35.2,-28.59,2.43,56.94
Malaysia,2007,A-,1,0.0738544298269799,2.3898105731703008,6.41,4.88,3.23,6.3,40.09,-108.97,15.38,101.99
Thailand,2007,BBB+,1,-0.06895843213590744,1.8287981398512259,6.05,2.47,1.18,5.44,22.99,2.53,5.93,87.47
Philippines,2007,BB+,0,0.19651651355944239,1.7721557094066875,8.69,3.16,3.43,6.52,51.57,-55.54,5.17,33.74
Brazil,2007,B+,2,0.0927965910468167,2.5690743936394473,43.72,6.44,9.28,6.07,63.0,-68.87,-0.2,180.33
Mexico,2007,BBB-,0,0.3165185091495389,1.4704048145512227,7.56,6.13,3.63,2.08,20.9,-0.1,-0.84,87.21
Chile,2007,A-,1,-0.043722250164375705,3.55253321558212,8.67,5.09,8.43,5.17,4.0,327.19,5.06,16.84
Colombia,2007,BB,0,0.4304249616597865,1.5109923299101815,15.38,5.2,11.2,6.74,32.7,-32.23,-2.98,20.95
South Africa,2007,BBB+,0,0.29298456090311165,3.2625011056638824,13.17,8.25,22.29,5.36,26.7,40.91,-4.86,32.92
Turkiye,2007,B+,0,0.4327971391710747,1.4793246302928336,17.25,6.2,10.28,5.04,33.7,-1.6,-5.42,76.5
Poland,2007,A-,0,0.45377788930570384,1.4116280619509676,5.0,3.8,9.55,6.76,45.0,-78.9,-6.68,65.72
Hungary,2007,BBB+,0,0.4044410810229971,1.9465961828429477,9.09,5.44,7.41,0.33,69.17,-202.96,-7.29,24.05
Romania,2007,B+,0,0.31408680568653125,2.8147392512484086,13.35,15.82,6.41,7.23,12.8,-2.9,-13.7,39.97
Argentina,2007,B-,0,0.31393171395566805,1.9020187415197118,10.56,14.94,8.47,9.01,55.7,1.4,2.1,46.15
Pakistan,2007,B-,0,0.35297676387957033,2.0724893262527733,11.77,10.33,0.4,4.44,56.4,-166.32,-4.51,15.8
"Egypt, Arab Rep.",2007,BB-,0,0.3712119328168005,1.4818197915042524,12.51,12.6,8.8,7.09,85.79,-6.8,0.32,32.21
Ghana,2007,B,0,0.33804980358861186,2.393458987966302,13.5,16.1,5.09,4.35,31.4,-197.88,-9.58,2.22
Nigeria,2007,BB-,1,-0.08097611586928871,2.54013993120934,16.94,7.1,3.8,6.59,12.8,-40.78,9.94,51.91
Tunisia,2007,BBB,0,0.42439605513153855,1.4283048549567925,5.25,2.13,12.36,6.71,45.78,-85.86,-2.36,8.03
Ukraine,2007,B-,0,0.32283192795326127,2.3917263856218063,13.9,22.84,6.35,8.22,12.3,-34.05,-3.53,32.48
Sri Lanka,2007,BB-,0,0.3020144441755784,2.5469820666601537,17.08,14.03,5.97,6.8,84.99,-254.31,-4.33,3.52
United States,2008,AAA,0,0.3469758841503189,1.988755568983753,5.09,1.93,5.78,0.11,63.82,-210.01,-4.72,294.05
Canada,2008,AA+,0,0.31568923389954245,1.161397724027385,4.73,4.0,6.28,1.0,45.32,19.84,0.2,43.87
United Kingdom,2008,AAA,0,0.3325848246238353,2.0671548554609935,4.68,3.43,5.7,-0.25,105.41,-176.73,-3.89,64.79
Germany,2008,AAA,1,-0.14073347254255583,1.3103931734970802,4.25,0.95,7.51,0.91,66.7,-15.52,5.58,138.56
France,2008,AAA,0,0.37025586931937393,1.1631785371696313,4.25,2.3,7.39,0.38,68.8,-107.81,-0.96,103.31
Italy,2008,AA-,0,0.33452532535002727,1.736884683259009,6.84,2.4,6.72,-1.02,102.4,-93.46,-2.69,105.65
Spain,2008,AA+,0,0.42777491832236975,1.7824229926577126,4.25,2.45,11.25,0.77,35.7,-83.39,-8.82,20.29
Netherlands,2008,AAA,1,-0.13469232277232973,1.2893324873102312,4.6,2.41,3.66,2.12,54.8,24.26,4.07,28.6
Sweden,2008,AAA,1,8.749501395934701e-05,1.6817249549721136,4.75,3.36,6.24,-0.92,38.8,50.18,7.93,29.73
Switzerland,2008,AAA,0,0.20319881385255534,1.7533983175908363,3.34,1.45,3.35,2.81,23.08,39.67,1.33,74.15
Australia,2008,AAA,0,0.3596125557579278,1.7457668709093628,8.91,4.57,4.24,3.59,18.18,64.15,-4.88,32.92
Japan,2008,AA,1,0.010402664358778764,3.514892949954343,1.91,-0.91,4.0,-1.22,183.0,-73.68,2.78,1030.76
"Korea, Rep.",2008,BBB+,0,0.2743547748581874,1.4764529065529821,7.17,2.83,2.96,3.01,28.2,1.3,0.17,201.54
Singapore,2008,AAA,1,0.1697335602339519,2.826898689396525,5.38,-1.38,3.96,1.86,96.41,288.54,15.08,177.54
Norway,2008,AAA,1,0.10806667397178385,6.651750122030272,4.35,10.57,2.52,0.48,49.4,733.13,15.68,50.95
China,2008,BBB,1,0.07158777039940953,3.9202046138743247,5.31,7.86,4.59,9.67,17.0,-0.7,9.01,1966.04
India,2008,BBB-,0,0.4173637650963554,1.337285807616168,13.31,9.19,7.66,3.09,57.29,-169.71,-2.58,257.42
Indonesia,2008,B-,0,0.3682827661025776,1.5804805580641768,13.6,18.15,7.21,6.01,34.23,-9.38,0.02,51.64
Malaysia,2008,A-,1,0.0710294377429119,2.706023445475206,6.08,10.39,3.32,4.83,39.8,-151.4,16.86,92.17
Thailand,2008,BBB+,0,0.20983258771861815,1.9057378336703141,5.82,5.13,1.18,1.73,22.45,15.62,0.32,111.01
Philippines,2008,BB+,0,0.37160176234144593,1.0156946805383837,8.75,7.18,3.72,4.34,52.43,-44.73,0.08,37.5
Brazil,2008,BBB-,2,0.16844291035032935,2.4046197637822484,47.25,8.78,8.27,5.09,62.2,-44.53,-2.1,193.78
Mexico,2008,BBB-,0,0.3224670732416892,1.4857667215708843,8.71,6.31,3.87,0.94,24.8,-0.1,-1.41,95.3
Chile,2008,A-,0,0.2860445421633674,2.5038596213089304,13.26,0.31,9.28,3.79,5.2,165.2,-4.19,23.08
Colombia,2008,BB,0,0.36949181377167534,1.9022470109805518,17.18,7.68,11.27,3.28,65.25,-213.06,-2.68,23.67
South Africa,2008,BBB+,0,0.27994557782229557,3.1959772229141254,15.12,7.85,22.41,3.19,26.8,-23.94,-5.19,34.07
Turkiye,2008,B+,0,0.3660909853691779,1.6104533413824513,16.75,12.05,10.96,0.82,40.89,-1.8,-5.12,73.67
Poland,2008,A-,0,0.45433071574665884,1.3409512031620208,6.0,3.93,7.07,4.38,47.1,-142.4,-6.75,62.18
Hungary,2008,BBB+,0,0.4372803894780329,1.553983565185201,10.18,4.8,7.82,0.99,72.7,-150.02,-7.27,33.87
Romania,2008,B+,0,0.3041814272964491,2.898080069692085,14.99,16.01,5.79,9.31,13.4,-5.7,-11.66,39.77
Argentina,2008,B-,0,0.3241609073114277,1.6523354799660523,10.56,23.17,7.84,4.06,48.6,0.8,1.5,46.39
Pakistan,2008,B-,0,0.319637661359619,2.868633371485804,12.94,10.92,0.42,2.12,60.4,-269.13,-7.74,9.02
"Egypt, Arab Rep.",2008,BB-,0,0.40474594940535114,1.3113333037252286,12.32,12.2,8.52,7.16,70.1,-6.8,-0.87,34.33
Ghana,2008,B,0,0.24303003349628233,3.2423808736351187,17.0,19.41,5.14,9.15,30.7,-209.77,-11.6,2.01
Nigeria,2008,BB-,1,-0.10702302945896897,2.4512688088593806,15.14,7.92,3.8,6.76,11.6,-27.03,8.59,53.6
Tunisia,2008,BBB,0,0.45315618470827623,1.1383078841208676,5.25,6.34,12.44,4.24,43.29,-26.25,-3.81,9.04
Ukraine,2008,B-,2,-0.1863199791951371,2.5099060494572356,17.49,29.02,6.36,2.24,13.23,-54.26,-6.79,31.54
Sri Lanka,2008,BB-,0,0.24854784378326722,2.756197086669906,18.89,16.33,5.22,5.95,81.4,-229.9,-9.54,2.62
United States,2009,AAA,0,0.23207451135986004,3.5483988675138725,3.25,0.62,9.25,-2.58,75.84,-370.74,-2.62,404.1
Canada,2009,AA+,0,0.30156662373185616,1.9818267462063954,2.4,-2.32,8.46,-2.92,53.19,-42.94,-2.97,54.36
United Kingdom,2009,AAA,0,0.19733959583478725,4.097425864336828,0.64,1.9,7.63,-4.62,123.73,-368.2,-3.04,79.45
Germany,2009,AAA,1,-0.08015444073842201,2.7351455051952875,1.0,1.99,7.88,-5.55,73.5,-78.03,5.87,179.04
France,2009,AAA,0,0.25677560954383155,2.7642015617963294,1.0,0.11,9.12,-2.82,83.0,-252.41,-0.82,131.79
Italy,2009,AA-,0,0.22003958875663432,3.0299547960784214,4.76,1.77,7.75,-5.31,112.5,-175.89,-1.77,131.5
Spain,2009,AA+,0,0.27311440530648373,3.6509937491575633,1.0,0.23,17.86,-3.77,48.2,-276.39,-3.94,28.05
Netherlands,2009,AAA,0,0.15156620520002764,2.6610759808103515,1.98,0.44,4.35,-3.67,56.8,-170.47,3.35,39.28
Sweden,2009,AAA,1,-0.08767918445489956,2.5308371835230967,0.25,2.36,8.35,-4.26,42.6,-30.11,5.97,47.26
Switzerland,2009,AAA,1,-0.022300627768180342,2.0512036306247174,2.75,0.46,4.11,-2.3,21.7,2.53,5.85,134.57
Australia,2009,AAA,0,0.4187371328411777,1.3582038879713783,6.02,4.95,5.56,1.89,23.87,-85.63,-5.23,41.74
Japan,2009,AA,1,-0.007542470405454003,4.74906141492309,1.72,-0.57,5.07,-5.69,201.0,-188.48,2.75,1051.65
"Korea, Rep.",2009,BBB+,1,-0.12042856299551705,1.4583906341935446,5.65,3.61,3.36,0.79,32.5,-2.3,3.51,270.44
Singapore,2009,AAA,1,0.16304111550349987,2.0206489348550463,5.38,2.95,5.86,0.13,106.37,55.22,16.39,192.05
Norway,2009,AAA,1,0.1252077305710597,3.7377919614056765,4.35,-5.12,3.1,-1.94,43.5,383.76,11.64,48.86
China,2009,BBB,1,0.058831673853956636,4.763384370796472,5.31,-0.08,4.72,9.4,17.7,-3.1,4.69,2452.9
India,2009,BBB-,0,0.3797430135419778,1.8294869292764486,12.19,7.04,7.66,7.86,55.26,-180.76,-1.95,284.68
Indonesia,2009,B-,0,0.34763583204204224,1.300558447062314,14.5,8.27,6.11,4.63,30.0,-46.81,1.97,66.12
Malaysia,2009,A-,1,0.06041158815935319,3.092704925072854,5.08,-5.99,3.66,-1.51,50.84,-211.21,15.72,96.7
Thailand,2009,BBB+,1,-0.0030366695272988956,2.1352436221950026,4.78,0.19,1.49,-0.69,26.78,-104.95,7.88,138.42
Philippines,2009,BB+,0,0.19885749008111317,1.7298704339010806,8.57,2.74,3.86,1.45,52.4,-128.36,4.8,44.21
Brazil,2009,BBB-,2,0.1413187462501184,2.3418452136320553,44.65,7.31,9.42,-0.13,60.0,-117.4,-1.76,238.54
Mexico,2009,BBB-,0,0.17135261501387983,2.89946928126935,7.07,5.24,5.36,-6.3,28.0,-2.3,-0.75,99.89
Chile,2009,A-,0,0.2885368844086321,2.264701887133339,7.25,3.58,11.31,-1.12,6.2,-149.78,1.44,25.29
Colombia,2009,BB,0,0.39418453228102096,1.8256934354501106,13.01,4.06,12.07,1.14,69.0,-199.25,-1.91,24.99
South Africa,2009,BBB+,0,0.24934712270679624,3.7336582301834036,11.71,8.66,23.52,-1.54,31.6,-172.1,-2.38,39.6
Turkiye,2009,B+,0,0.27171971790605776,2.6340910413980017,6.5,5.45,14.03,-4.82,48.47,-5.5,-1.75,74.93
Poland,2009,A-,0,0.40058388418289825,1.67144439263186,3.5,3.89,8.13,2.62,50.9,-212.48,-3.95,79.52
Hungary,2009,BBB+,0,0.23662326628018865,3.060989614273299,11.04,4.21,10.03,-6.74,81.27,-151.37,-1.22,44.18
Romania,2009,B+,0,0.2594247648064829,2.8691939565252684,17.27,4.09,6.86,-5.52,23.6,-9.2,-4.73,44.38
Argentina,2009,B-,0,0.17968828053721397,2.8459926868395407,10.56,15.38,8.64,-5.92,48.3,-2.0,2.18,48.01
Pakistan,2009,B-,0,0.3288836769390944,2.0428846463383556,14.54,12.37,0.54,3.47,61.5,-158.2,-2.13,13.61
"Egypt, Arab Rep.",2009,BB-,0,0.44275337844423923,0.8629690058538472,11.97,11.19,9.09,4.67,73.6,-6.8,-1.77,34.9
Ghana,2009,B,0,0.3095199924237457,2.2768666430341735,18.0,15.67,5.35,4.84,34.8,-191.86,-7.28,3.69
Nigeria,2009,BB-,0,0.20849531293097995,2.5127248703904774,18.99,0.69,3.77,8.04,13.4,-64.19,4.7,43.13
Tunisia,2009,BBB,0,0.4332014712302884,1.2594760874674742,4.5,3.02,13.29,3.04,42.93,-54.46,-2.84,11.29
Ukraine,2009,B-,2,-0.06531689084204789,5.350863321589321,20.86,12.63,8.84,-15.14,23.99,-190.57,-1.43,26.5
Sri Lanka,2009,BB-,0,0.35116441358772155,1.9618745062737077,15.67,5.88,5.85,3.54,86.06,-223.02,-0.51,5.35
United States,2010,AAA,0,0.29010072151939037,2.78439111781723,3.25,1.22,9.63,2.7,84.96,-317.33,-2.87,488.93
Canada,2010,AAA,0,0.45136394036200844,0.7188028477400223,2.6,2.85,8.18,3.09,53.15,-56.87,-3.6,57.15
United Kingdom,2010,AAA,0,0.2790896944826733,2.8035522458973374,0.5,1.59,7.92,2.23,131.09,-262.4,-2.77,98.03
Germany,2010,AAA,1,-0.166552340479283,1.5501640394654972,1.0,0.68,7.04,4.15,82.4,-84.16,5.77,215.98
France,2010,AAA,0,0.347342014364284,1.6934535354822748,1.0,1.09,9.28,2.0,85.3,-183.01,-0.83,165.85
Italy,2010,AA-,0,0.35645108760947825,1.7004928409860165,4.03,0.6,8.36,1.53,115.4,-103.85,-3.24,158.48
Spain,2010,AA,0,0.3279891729917383,2.9156942345729155,1.0,0.29,19.86,0.09,49.96,-152.72,-3.58,31.87
Netherlands,2010,AAA,1,-0.11543734087745829,1.7402206190830294,1.75,0.71,4.99,1.32,59.0,-108.87,6.41,46.15
Sweden,2010,AAA,0,0.1768059316003926,1.7791638491265507,1.25,1.03,8.61,5.75,39.4,-5.6,5.93,48.25
Switzerland,2010,AAA,1,0.1350258412653874,1.6351625746232006,2.73,0.31,4.81,3.24,20.99,0.86,13.03,270.48
Australia,2010,AAA,0,0.4092195991725006,1.3167235548127383,7.28,1.15,5.21,2.22,28.66,-109.04,-4.01,42.27
Japan,2010,AA,1,-0.012605518684409319,4.285904610195616,1.6,-1.88,5.1,4.1,207.9,-182.09,3.84,1104.56
"Korea, Rep.",2010,BBB+,0,0.20746704739881247,1.8349810222561824,5.51,2.74,3.32,6.8,30.3,-0.1,2.44,292.14
Singapore,2010,AAA,1,0.12642073852478594,4.631330518823089,5.38,1.11,4.12,14.52,101.45,230.51,22.93,231.26
Norway,2010,AAA,1,0.12350807095869945,3.317025573793247,4.35,5.96,3.53,0.79,43.0,361.16,11.66,53.22
China,2010,AA-,1,0.06354222877961489,5.698594902403242,5.81,6.93,4.53,10.6,33.5,-1.7,3.84,2913.71
India,2010,BBB-,0,0.39766020082803416,1.645998465655176,8.33,10.53,7.65,8.5,51.59,-105.18,-3.25,300.48
Indonesia,2010,B-,0,0.33916639255186304,1.65103612773465,13.25,15.26,5.61,6.22,26.1,-9.75,0.68,96.21
Malaysia,2010,A-,1,-0.07373210140431768,2.431814045710948,5.0,7.27,3.39,7.42,49.56,-154.46,10.06,106.53
Thailand,2010,BBB+,1,-0.15452212970315962,2.1944277842135955,4.33,4.08,0.62,7.51,26.9,-21.02,3.37,172.03
Philippines,2010,BB+,0,0.26117494855025686,1.7719999021449437,7.67,4.37,3.6,7.33,50.2,-103.83,3.45,62.33
Brazil,2010,BBB-,2,0.032421439694678804,2.603260375307861,39.99,8.42,8.42,7.53,61.32,-44.51,-3.93,288.57
Mexico,2010,BBB-,0,0.35593102390851,1.1601266730138167,5.28,4.37,5.3,4.97,31.1,-2.8,-0.34,120.58
Chile,2010,A-,0,0.33111248058918646,1.6112358787693324,4.75,8.86,8.28,5.85,9.0,-12.46,0.9,27.83
Colombia,2010,BB,0,0.45600089631090984,1.1128910309072284,9.38,3.8,11.15,4.49,72.45,-129.07,-3.0,28.08
South Africa,2010,BBB+,0,0.29962145296411213,3.513283534119861,9.83,6.13,24.68,3.04,35.0,-109.07,-1.3,43.82
Turkiye,2010,B+,0,0.41428085412402954,1.8105695338175345,6.5,7.01,11.88,8.43,45.15,-2.9,-5.74,85.96
Poland,2010,A-,0,0.4280634064166674,1.509235703042967,3.5,1.58,9.58,3.17,54.8,-179.84,-5.17,93.47
Hungary,2010,BBB+,0,0.39253426671657815,1.2123636408967542,7.59,2.53,11.17,1.07,81.45,-96.18,-0.19,44.99
Romania,2010,B+,0,0.3059004594638841,2.3485929376941304,14.07,5.93,6.96,-3.91,30.5,-6.8,-4.99,48.05
Argentina,2010,B-,0,0.3131882327604736,2.334726344874097,10.56,20.92,7.71,10.13,41.7,-0.6,-0.38,52.21
Pakistan,2010,B-,0,0.29627281012809875,2.0627595287807785,14.04,10.59,0.65,1.5,59.6,-159.87,-0.69,17.26
"Egypt, Arab Rep.",2010,BB-,0,0.4477767294801319,0.8235907000458002,11.01,10.11,8.76,5.15,73.1,-8.1,-2.06,37.03
Ghana,2010,B,0,0.3378444559301764,2.5088835295679788,13.5,16.6,5.38,7.9,42.7,-194.37,-8.53,5.16
Nigeria,2010,BB-,0,0.23624217755655721,2.526367745716599,17.59,16.34,3.75,8.01,10.8,-41.1,3.57,33.31
Tunisia,2010,BBB,0,0.4433360953661447,1.356086242449798,4.5,9.47,13.05,2.97,38.77,-40.72,-4.55,9.76
Ukraine,2010,B-,0,0.3844396646728864,1.758150834823881,15.87,13.67,8.1,4.09,28.87,-176.11,-2.14,34.57
Sri Lanka,2010,BB-,0,0.30419145088557076,2.5589977787486147,10.22,26.93,4.78,8.02,69.25,-173.27,-1.83,7.2
United States,2011,AA+,0,0.30922543423516596,2.267281394660636,3.25,2.06,8.95,1.56,89.55,-236.99,-2.92,537.27
Canada,2011,AAA,0,0.4392871202688762,0.6338070609730474,3.0,3.24,7.64,3.14,54.12,-27.65,-2.77,65.82
United Kingdom,2011,AAA,0,0.26130830064429034,2.623773439924199,0.5,2.2,8.17,1.14,143.76,-177.96,-1.63,109.73
Germany,2011,AAA,1,-0.08404817255896078,0.9807464857798333,1.5,1.23,5.97,3.76,79.8,-11.65,6.26,234.1
France,2011,AAA,0,0.3718163696854656,1.3069601081350526,1.5,0.85,9.23,2.44,87.8,-120.89,-1.03,168.49
Italy,2011,AA-,0,0.34222430620965,1.719014269724704,4.6,1.73,8.36,0.7,116.5,-82.12,-2.74,169.87
Spain,2011,AA,0,0.3034109964841802,3.0842994686940646,1.5,-0.15,21.39,-0.64,57.79,-83.98,-2.59,46.7
Netherlands,2011,AAA,1,-0.08259306793935332,1.539622124576493,2.0,0.24,4.98,1.77,61.7,-86.25,7.02,50.41
Sweden,2011,AAA,1,-0.15590138303940693,1.5627885402966737,2.0,1.12,7.8,3.16,37.7,7.27,5.51,50.21
Switzerland,2011,AAA,1,-0.0005477192948438176,1.365449590859852,2.72,-0.02,4.41,1.81,21.14,10.39,6.21,330.59
Australia,2011,AAA,0,0.41891120898499007,1.1410279778099484,7.74,6.2,5.08,2.41,30.1,-92.01,-3.26,46.71
Japan,2011,AA,1,-0.00034177593760968537,4.797368516628927,1.5,-1.62,4.55,0.02,219.1,-197.31,2.08,1295.84
"Korea, Rep.",2011,BBB+,0,0.2180165730970087,1.5730621016782769,5.76,1.28,2.99,3.69,31.2,-0.5,1.33,306.93
Singapore,2011,AAA,1,0.1928160605320945,3.369743999730881,5.38,1.17,3.89,6.21,104.79,233.3,22.22,243.8
Norway,2011,AAA,1,0.13415276898567619,3.428986421426426,4.35,6.67,3.2,1.11,28.8,356.45,13.25,49.4
China,2011,AA-,1,0.06147765635577333,6.314552314509402,6.56,8.02,4.55,9.46,33.4,-1.3,1.77,3254.67
India,2011,BBB-,0,0.4531434227857367,0.8676842247697963,10.17,8.73,7.62,5.24,51.56,-74.56,-3.43,298.74
Indonesia,2011,B-,0,0.3528413693668264,1.4626125751654167,12.4,7.47,5.15,6.17,24.4,-10.97,0.19,110.14
Malaysia,2011,A-,1,0.003709449128977916,1.8808051025273613,4.92,5.41,3.05,5.29,50.03,-113.1,10.91,133.57
Thailand,2011,BBB+,1,-0.13167923020172176,1.8823960140330378,5.07,3.74,0.66,0.84,28.13,-28.72,2.54,174.89
Philippines,2011,BB+,0,0.27315403485458106,1.2243189833245682,6.66,3.92,3.59,3.86,48.81,-44.09,2.41,75.12
Brazil,2011,BBB-,2,0.13149363118794416,2.2687390667386342,43.88,8.32,7.58,3.97,59.34,-60.47,-3.19,352.01
Mexico,2011,BBB-,0,0.35945165442053345,1.0842265177112929,4.91,5.67,5.18,3.44,31.6,-2.5,-0.86,149.21
Chile,2011,A-,0,0.39262141676140694,1.723757374512186,9.03,3.26,7.28,6.22,11.2,32.32,-4.92,41.94
Colombia,2011,BBB-,0,0.4477338295582914,1.1496703347313002,11.22,6.39,10.29,6.95,62.86,-21.72,-2.91,31.9
South Africa,2011,BBB+,0,0.3061276886237669,3.479676243199736,9.0,5.54,24.64,3.17,38.5,-105.04,-2.02,48.75
Turkiye,2011,B+,0,0.3627046598242559,2.5843895509668613,5.75,8.2,9.79,11.2,40.08,-0.8,-8.87,87.94
Poland,2011,A-,0,0.464326161413696,1.053538442542531,4.5,3.07,9.58,5.26,56.2,-100.78,-5.11,97.71
Hungary,2011,BBB+,0,0.34455657670824336,1.3414235761260465,8.32,1.93,11.03,1.92,90.71,27.96,0.43,48.83
Romania,2011,B+,0,0.45789551638991743,1.063116135644441,12.13,3.98,7.18,4.5,34.2,-5.4,-4.82,48.04
Argentina,2011,B-,0,0.3396067178788319,1.8757543889229338,14.09,23.7,7.18,6.0,38.9,-2.4,-1.01,46.27
Pakistan,2011,B-,0,0.3035136681080664,2.197050110201962,14.42,16.41,0.8,2.68,59.3,-173.16,-0.96,17.7
"Egypt, Arab Rep.",2011,BB-,0,0.4250676941664057,1.198812269317443,11.03,11.66,11.85,1.76,76.6,-9.8,-2.32,18.64
Ghana,2011,B+,0,0.30147732890052975,3.4253538115969526,12.5,13.91,4.23,14.05,43.1,-94.1,-9.0,5.91
Nigeria,2011,BB-,0,0.280921063500247,1.863543632864072,16.02,9.78,3.77,5.31,17.6,-37.59,2.57,33.69
Tunisia,2011,BBB,0,0.34690334660106165,2.841510727148427,4.5,4.57,18.33,-2.05,42.48,-91.48,-7.04,7.79
Ukraine,2011,B+,0,0.39903457722113683,1.6336194852760026,15.95,14.18,7.85,5.45,26.48,-57.94,-6.04,31.79
Sri Lanka,2011,BB-,0,0.38594669674098075,2.138420173111198,9.41,3.98,4.12,8.67,68.53,-155.36,-6.81,6.74
United States,2012,AA+,0,0.3247046238562732,1.7313010168785923,3.25,1.86,8.07,2.29,93.65,-142.75,-2.57,574.27
Canada,2012,AAA,0,0.41527122210885725,0.9316050680697184,3.0,1.22,7.39,1.76,55.73,-6.21,-3.53,68.55
United Kingdom,2012,AAA,0,0.2775285629527083,2.5062989922330456,0.5,1.54,8.25,1.51,147.05,-125.14,-3.15,117.16
Germany,2012,AAA,1,0.014293347998055265,1.021172475397311,0.75,1.43,5.37,0.47,81.0,1.21,7.19,248.86
France,2012,AA+,0,0.3394890070352177,1.5537667034477678,0.75,1.08,9.84,0.18,90.6,-90.5,-1.23,184.52
Italy,2012,BBB+,0,0.2354861806902487,2.5270106258694733,5.22,1.7,10.66,-3.13,123.4,-61.28,-0.22,181.67
Spain,2012,BBB-,0,0.23137142851305117,4.1390947794748,0.75,-0.2,24.79,-2.87,77.45,-172.22,0.13,50.59
Netherlands,2012,AAA,1,-0.048156835641496,1.7305753646089455,1.62,1.33,5.82,-0.98,66.4,-67.59,7.5,54.82
Sweden,2012,AAA,1,-0.1202830945980334,1.830040127357877,1.0,0.95,7.98,-0.41,37.8,-10.26,5.53,52.25
Switzerland,2012,AAA,1,0.09538463441624584,1.3415922120985866,2.69,0.06,4.49,1.18,21.34,2.26,8.88,531.3
Australia,2012,AAA,0,0.4447519712652112,0.993824190253908,6.97,1.81,5.22,3.92,39.44,-60.78,-4.44,49.14
Japan,2012,AA,1,-0.0032613957241565293,4.832273711783319,1.41,-0.76,4.36,1.37,229.0,-158.26,0.96,1268.09
"Korea, Rep.",2012,A,1,-0.09655855346283646,1.307284072153193,5.4,1.25,2.81,2.4,32.41,0.7,3.82,327.72
Singapore,2012,AAA,1,0.19186381672485953,2.4215772934066777,5.38,0.5,3.72,4.44,107.83,173.69,17.64,265.91
Norway,2012,AAA,1,0.1325527395295923,2.826691509374619,4.35,3.35,3.13,2.72,29.0,289.21,12.38,51.86
China,2012,AA-,1,0.07367565991467995,6.428471332452071,6.0,2.41,4.58,7.86,33.8,-1.6,2.48,3387.51
India,2012,BBB-,0,0.4600368651244287,1.0243084546767796,10.6,7.93,7.67,5.46,50.68,-75.8,-5.0,300.43
Indonesia,2012,BB+,0,0.3856132592022545,1.4846408010129934,11.79,3.75,4.47,6.03,23.0,-10.56,-2.66,112.8
Malaysia,2012,A-,1,-0.1675403742305591,1.770731276288978,4.79,1.0,3.1,5.47,51.65,-98.45,5.19,139.73
Thailand,2012,BBB+,0,0.2659843576406651,2.0794575916997857,5.19,1.91,0.58,7.24,28.44,-38.33,-1.23,181.48
Philippines,2012,BB+,0,0.255270266625237,1.606471700506046,5.68,1.99,3.5,6.9,49.16,-40.93,2.65,83.79
Brazil,2012,BBB-,2,0.018755483765201923,2.0572318805598835,36.64,7.94,7.25,1.92,59.85,-37.78,-3.76,373.16
Mexico,2012,BBB-,0,0.36653927248846024,1.0743083047381623,4.68,4.54,4.89,3.55,34.8,-2.6,-1.41,167.08
Chile,2012,AA-,0,0.3969439469330647,1.7218220642181903,10.06,0.76,6.56,6.16,11.9,10.88,-5.33,41.65
Colombia,2012,BBB-,0,0.42400697164527024,1.1270314446386402,12.59,3.62,9.96,3.91,65.23,53.91,-3.14,37.0
South Africa,2012,BBB,0,0.30685247366628743,3.5212471203972044,8.75,4.69,24.73,2.4,41.4,-95.11,-4.68,50.69
Turkiye,2012,B+,0,0.4553225495995663,1.0115760122971458,5.5,7.42,9.21,4.79,37.96,-1.5,-4.75,119.18
Poland,2012,A-,0,0.4450516117322543,0.9575048614213952,4.25,2.18,10.03,1.51,54.8,-71.13,-4.11,108.9
Hungary,2012,BB+,0,0.3070446613011599,1.7709789196094148,9.0,2.88,11.0,-1.34,94.4,-53.47,1.08,44.67
Romania,2012,B+,0,0.44050459912097434,1.0459053964047522,11.33,3.81,6.79,1.9,37.3,-3.7,-4.58,46.71
Argentina,2012,B-,0,0.2903904829919137,2.0506118838134078,14.06,22.31,7.22,-1.03,41.5,-2.6,-0.39,43.22
Pakistan,2012,B-,0,0.3621929126266227,1.6921224956473615,13.52,9.92,3.67,3.03,63.6,-183.57,-0.94,13.69
"Egypt, Arab Rep.",2012,BB-,0,0.35910422857170055,1.6686778629310217,12.0,19.48,12.6,2.23,80.3,-10.8,-2.5,15.67
Ghana,2012,B+,0,0.30989619531128676,2.8165948823726796,15.0,15.21,3.14,9.29,46.9,-11.8,-11.9,5.84
Nigeria,2012,BB-,0,0.23174266663399,1.9697201745075261,16.79,9.95,3.76,4.23,17.5,-2.3,3.74,44.97
Tunisia,2012,BBB,0,0.4050118676721125,2.362705568377328,4.5,4.66,17.63,4.22,42.52,-100.83,-7.87,8.72
Ukraine,2012,B+,0,0.35171909425120723,1.897314473040467,18.39,7.98,7.53,0.15,32.45,-81.18,-7.85,24.55
Sri Lanka,2012,B+,0,0.3919446910864625,2.0251104296864044,13.28,10.46,3.88,8.63,66.75,-115.87,-5.69,7.11
United States,2013,AA+,0,0.3354202625843239,1.3842856458398982,3.25,1.7,7.38,2.12,95.32,-73.65,-2.01,448.51
Canada,2013,AAA,0,0.41573577552511826,0.8710023877294677,3.0,1.74,7.14,2.33,53.2,-0.22,-3.15,71.94
United Kingdom,2013,AAA,0,0.29300559698284195,2.2989268965210585,0.5,2.11,7.7,1.8,141.64,-32.88,-4.65,118.75
Germany,2013,AAA,1,-0.008294026771356591,1.1002957439253553,0.5,2.0,5.32,0.39,78.7,-0.53,6.73,198.54
France,2013,AA+,0,0.32272920499600477,1.4854859727854783,0.5,0.75,9.91,0.78,93.4,-20.93,-0.6,145.16
Italy,2013,BBB+,0,0.2267664779695578,2.5092965701930776,5.14,1.13,12.15,-1.82,129.0,-17.58,1.04,145.72
Spain,2013,BBB-,0,0.2059367056805902,4.153366203637017,0.5,0.44,26.09,-1.43,91.87,-28.63,2.08,46.34
Netherlands,2013,AAA,1,-0.03197754809846025,1.4699891129965454,1.5,1.14,7.24,-0.03,67.7,-9.68,7.9,46.31
Sweden,2013,AAA,0,0.17678208362596068,1.5966748839978195,0.75,1.01,8.05,1.14,40.4,-7.56,4.33,65.36
Switzerland,2013,AAA,1,0.10460819556737633,1.353541685050407,2.69,-0.09,4.75,1.79,20.22,1.76,9.61,536.24
Australia,2013,AAA,0,0.4083804941933058,1.0376516295442408,6.18,-0.16,5.66,2.6,37.56,-8.82,-3.26,52.84
Japan,2013,AA,1,0.02093161433464238,4.627941316517916,1.3,-0.35,4.04,2.01,232.5,-43.13,0.89,1266.85
"Korea, Rep.",2013,A,1,-0.01967016923341552,1.1115374346440745,4.64,1.02,2.75,3.16,34.93,0.3,5.64,345.69
Singapore,2013,AAA,1,0.15953908743486508,1.7599265716138286,5.38,-0.43,3.86,4.82,99.45,1.2,15.71,277.8
Norway,2013,AAA,1,0.10873541377376032,1.5426417523048508,4.35,2.55,3.42,1.02,30.0,69.22,10.16,58.28
China,2013,AA-,1,0.06979156453708421,7.443655893715129,6.0,2.3,4.6,7.78,36.7,-1.9,1.52,3880.37
India,2013,BBB-,0,0.423086579764131,1.0516132085949186,10.29,6.19,7.71,6.39,50.31,-7.2,-2.65,298.09
Indonesia,2013,BB+,0,0.39593991482017993,1.4319004558500419,11.66,4.97,4.34,5.56,24.9,-2.2,-3.19,99.39
Malaysia,2013,A-,1,-0.17807986995761688,1.3768681494910164,4.65,0.17,3.16,4.69,53.0,-4.1,3.47,134.85
Thailand,2013,BBB+,0,0.261717585393093,1.8227855363134455,5.06,1.78,0.25,2.69,38.17,-1.36,-2.1,167.23
Philippines,2013,BBB-,1,-0.19472360190641033,1.7288410132930345,5.77,2.06,3.5,6.75,47.14,-1.4,4.01,83.18
Brazil,2013,BBB-,0,0.2146933610335577,2.0603484352794683,27.39,7.5,7.07,3.0,57.23,-3.0,-3.57,358.82
Mexico,2013,BBB-,0,0.33746632219495387,1.3092659534026871,4.27,1.7,4.92,0.85,37.9,-2.3,-2.39,180.2
Chile,2013,AA-,0,0.4073163739235021,1.4509965023415843,9.26,2.26,6.07,3.31,12.8,-3.64,-4.78,41.09
Colombia,2013,BBB-,0,0.46695987610265605,0.7397961758193181,10.99,1.91,9.25,5.13,67.1,-33.01,-3.24,43.16
South Africa,2013,BBB,0,0.3078147108938255,3.466956146274108,8.5,5.84,24.56,2.49,44.1,-31.72,-5.34,49.71
Turkiye,2013,BB+,0,0.3987704771101919,1.7820864528928742,4.5,6.28,9.71,8.49,32.12,-1.2,-5.15,131.05
Poland,2013,A-,0,0.38321078779909307,1.1652840867745327,2.5,0.27,10.29,0.68,55.7,-22.28,-1.98,106.22
Hungary,2013,BB+,0,0.3013277363537089,1.3609050285298094,6.3,2.83,10.18,2.03,94.76,-30.6,2.99,46.51
Romania,2013,B+,0,0.36082080054320614,1.2141087200876606,10.52,1.39,7.1,0.28,37.8,-2.1,-1.14,48.83
Argentina,2013,B-,0,0.264543490077331,1.8672792615226954,17.15,23.95,7.1,2.41,45.0,-2.0,-2.38,30.53
Pakistan,2013,B-,0,0.3951151610969694,1.2356681163832257,11.99,7.38,2.95,4.37,64.3,-88.57,-1.71,7.65
"Egypt, Arab Rep.",2013,B+,0,0.4048182389896395,1.3891682790817537,12.29,8.71,13.15,2.19,85.1,-12.0,-1.23,16.54
Ghana,2013,B+,2,0.009734829742135003,3.6445516082877267,16.0,54.01,2.17,7.31,57.3,-10.9,-9.08,5.59
Nigeria,2013,BB-,0,0.2315284748441947,2.100989667845114,16.72,4.96,3.71,6.67,18.6,-2.3,3.66,43.68
Tunisia,2013,BBB,0,0.41139231542770427,2.062547776115458,4.5,4.5,15.93,2.43,44.5,-5.6,-7.97,7.55
Ukraine,2013,B+,0,0.3893139710994357,1.889568754502646,16.65,4.31,7.17,0.05,35.63,-4.8,-8.67,20.41
Sri Lanka,2013,B+,0,0.42290777968828214,1.0544403359776509,12.45,6.25,4.19,4.05,68.35,-5.9,-3.3,7.5
United States,2014,AA+,0,0.3204819293830847,1.3750016593132508,3.25,1.74,6.17,2.52,95.45,-31.61,-2.1,434.42
Canada,2014,AAA,0,0.40799413485189884,0.8220743495593495,3.0,1.94,7.02,2.87,51.48,2.2,-2.32,74.7
United Kingdom,2014,AAA,0,0.26900872106351476,2.512476176371143,0.5,1.32,6.36,3.19,150.59,-19.84,-5.01,124.49
Germany,2014,AAA,1,0.006256956780393641,0.8805033700653045,0.15,1.9,4.98,2.17,75.7,1.64,7.19,193.48
France,2014,AA+,0,0.3270557245797133,1.521638302271346,0.15,0.57,10.27,1.0,94.9,-15.11,-0.96,143.98
Italy,2014,BBB+,0,0.23599365403932535,2.3867370670060244,4.87,0.9,12.68,-0.0,131.8,-13.97,1.71,142.76
Spain,2014,BBB-,0,0.22486469288862998,3.747374099966306,0.15,-0.22,24.44,1.52,104.93,-15.44,1.74,50.41
Netherlands,2014,AAA,1,-0.019268399555639425,1.3452261400418337,0.775,0.34,7.42,1.61,67.9,-7.95,8.55,43.05
Sweden,2014,AAA,0,0.2297270397050783,1.371268695939335,0.0,1.83,7.95,2.3,45.2,-3.74,3.25,62.58
Switzerland,2014,AAA,1,0.028849135194361216,1.3207606909965925,2.69,-0.65,4.83,2.35,20.61,0.2,6.87,545.79
Australia,2014,AAA,0,0.4213329929156061,0.8886749997300746,5.95,1.41,6.08,2.6,41.72,-7.38,-3.09,53.91
Japan,2014,AA,1,0.0315336358913144,4.710295249626457,1.22,1.69,3.59,0.3,236.1,-5.6,0.74,1260.68
"Korea, Rep.",2014,A,1,-0.02260649717116812,1.0586576663141185,4.26,0.91,3.08,3.2,36.5,0.1,5.59,362.83
Singapore,2014,AAA,1,0.183515677628661,2.021291446940461,5.35,-0.27,3.74,3.94,99.61,-0.3,17.95,261.58
Norway,2014,AAA,1,0.1186818436788455,1.5337394915571294,4.21,0.26,3.49,2.05,27.6,43.13,10.95,64.8
China,2014,AA-,1,0.07367055515223372,7.443293778404698,5.6,1.09,4.63,7.46,39.9,-2.1,2.21,3900.04
India,2014,BBB-,0,0.3807383609754551,1.3077791895053752,10.25,3.33,7.67,7.41,49.9,-7.2,-1.34,325.08
Indonesia,2014,BB+,0,0.3911827265438546,1.437576534960301,12.61,5.44,4.05,5.01,24.7,-2.1,-3.09,111.86
Malaysia,2014,A-,1,-0.1567742213799512,1.506100090318202,4.59,2.47,2.88,6.01,52.68,-3.5,4.39,115.96
Thailand,2014,BBB+,1,-0.10125615196503776,1.7048102798108624,4.95,1.44,0.58,0.98,35.39,1.31,2.86,157.16
Philippines,2014,BBB-,0,0.2061586031784119,1.6693077599145074,5.53,3.05,3.6,6.35,43.43,-0.6,3.62,79.63
Brazil,2014,BBB-,2,-0.08256337539893112,2.16325912011768,32.01,7.85,6.76,0.5,58.46,-6.0,-4.5,363.57
Mexico,2014,BBB-,0,0.3584975304088425,1.0762570301976255,3.55,4.37,4.82,2.5,41.8,-3.1,-1.82,195.68
Chile,2014,AA-,0,0.39294539597647854,1.367060464644441,8.1,5.85,6.48,1.79,15.1,-1.33,-3.46,40.45
Colombia,2014,BBB-,0,0.4785225088688001,0.8637745041441887,10.87,2.24,8.8,4.5,47.98,-21.64,-5.2,46.81
South Africa,2014,BBB,0,0.29577598578997477,3.556419596570877,9.12,5.37,24.89,1.41,47.0,-13.26,-4.81,49.12
Turkiye,2014,BB+,0,0.4459544385329684,1.0503963878934566,8.25,7.39,9.9,4.94,31.35,-1.3,-3.42,127.42
Poland,2014,A-,0,0.4219784483671634,0.9117172073892348,2.0,0.48,8.97,3.92,50.3,-6.47,-2.97,100.45
Hungary,2014,BB+,0,0.33777070760142186,1.1980461332134205,4.45,3.69,7.72,4.33,98.61,-10.55,0.75,42.02
Romania,2014,BBB-,0,0.3955217787494852,0.8423578861703364,8.47,1.71,6.8,4.12,39.4,-1.3,-0.34,43.19
Argentina,2014,B-,2,0.09071961816276941,1.9273165600981497,24.01,40.28,7.27,-2.51,44.7,-3.9,-1.74,31.41
Pakistan,2014,B-,0,0.34553323357064025,1.411100595945454,11.73,7.21,1.83,4.12,64.9,-5.5,-1.35,14.31
"Egypt, Arab Rep.",2014,B+,0,0.41630510902893575,1.38250687112483,11.71,11.25,13.1,2.92,85.1,-11.5,-1.95,14.93
Ghana,2014,B+,2,-0.16918011263296712,2.02432475285865,21.0,23.94,4.42,2.86,70.2,-10.4,-6.76,5.56
Nigeria,2014,BB-,0,0.31640518355076536,1.8621366711731087,16.55,4.66,3.9,6.31,17.5,-2.1,0.16,35.07
Tunisia,2014,BBB,0,0.43073806077429927,1.8612275354710834,4.5,4.66,14.26,3.09,50.5,-4.8,-8.88,7.5
Ukraine,2014,B+,2,-0.12148162465476917,3.8749218008024777,17.72,15.9,9.27,-10.08,63.67,-4.5,-3.44,7.54
Sri Lanka,2014,B+,0,0.388282735754722,1.263033544461631,7.84,1.92,4.16,6.38,68.59,-6.5,-2.41,8.21
United States,2015,AA+,0,0.3074903657493714,1.4425154082485094,3.26,0.93,5.28,2.95,95.96,-2.4,-2.23,383.73
Canada,2015,AAA,0,0.37578930715889997,1.223050659386565,2.77,-0.87,6.94,0.65,55.99,-0.1,-3.51,79.75
United Kingdom,2015,AAA,0,0.2536330929722132,2.5309766164350243,0.5,0.66,5.52,2.22,147.95,-4.3,-4.95,148.11
Germany,2015,AAA,1,0.05119203003218966,0.9231612945679131,0.05,1.69,4.61,1.65,71.6,0.8,8.1,173.73
France,2015,AA+,0,0.3120673583937991,1.5563196648146118,0.05,1.13,10.35,1.07,95.6,-3.6,-0.33,138.2
Italy,2015,BBB+,0,0.24762026798653575,2.240942317107127,4.13,0.78,11.9,0.89,131.5,-2.6,1.23,130.59
Spain,2015,BBB-,0,0.24203875749188813,3.288487998492298,0.05,0.55,22.06,4.06,104.51,-5.2,2.04,53.97
Netherlands,2015,AAA,1,-0.15061778459889097,1.3815139469400188,0.05,0.89,6.87,2.12,64.6,-2.0,4.85,38.21
Sweden,2015,AAA,0,0.26235019919690217,1.3315081162261169,-0.35,2.25,7.43,4.41,43.9,-0.1,2.59,58.1
Switzerland,2015,AAA,1,0.09253790704100424,1.3723035810513529,2.68,-1.27,4.8,1.64,20.44,0.3,8.88,602.4
Australia,2015,AAA,0,0.4183598215461765,1.0462426648316965,5.58,-0.62,6.06,2.19,46.48,-2.6,-4.31,45.41
Japan,2015,A+,1,0.050153864394218095,4.462480519674654,1.14,2.11,3.38,1.56,231.6,-3.8,3.07,1233.1
"Korea, Rep.",2015,A,1,0.03598982174973191,0.9287884852428527,3.53,3.19,3.55,2.81,37.49,0.3,7.17,366.71
Singapore,2015,AAA,1,0.1868365136373237,2.1297871931198196,5.35,3.07,3.79,2.98,103.32,0.3,18.69,251.88
Norway,2015,AAA,1,0.028931773085622635,1.4549004176133309,3.5,-2.8,4.3,1.86,32.0,6.0,8.01,57.46
China,2015,AA-,1,0.07878127311104692,6.390523037627412,4.35,0.14,4.65,6.98,41.1,-2.8,2.6,3405.25
India,2015,BBB-,0,0.3586353908216732,1.4810393205409635,10.01,2.28,7.63,8.0,49.96,-7.2,-1.07,353.32
Indonesia,2015,BB+,0,0.38794094020768644,1.3176112812879108,12.66,3.98,4.51,4.88,27.5,-2.6,-2.04,105.93
Malaysia,2015,A-,1,-0.2071267107898335,1.502538333343707,4.57,1.22,3.1,5.09,53.57,-3.2,3.01,95.28
Thailand,2015,BBB+,1,0.028572870449918818,1.395919016113021,4.73,0.72,0.6,3.13,36.67,-2.2,6.92,156.46
Philippines,2015,BBB-,0,0.22652011737948285,1.7021317913650957,5.58,-0.72,3.07,6.35,42.1,-0.9,2.37,80.64
Brazil,2015,BB+,2,0.13491933737886147,2.6008546296542385,43.96,7.57,8.54,-3.55,67.54,-10.2,-3.52,356.46
Mexico,2015,BBB-,0,0.3669435205173309,1.1261058555263468,3.44,3.23,4.31,2.7,44.3,-3.5,-2.6,177.6
Chile,2015,AA-,0,0.3828722509104999,1.3021214409765918,5.51,4.95,6.31,2.15,17.4,-2.1,-2.74,38.64
Colombia,2015,BBB-,0,0.4698141489254695,1.0049741680096462,11.45,2.45,8.57,2.96,53.28,-3.0,-6.37,46.22
South Africa,2015,BBB,0,0.2892703210991133,3.5988760719433457,9.42,5.55,25.15,1.32,52.65,-4.0,-4.31,45.89
Turkiye,2015,BB+,0,0.4232727041608223,1.2498944817563011,7.5,7.84,10.3,6.08,29.01,-1.0,-2.47,110.49
Poland,2015,A-,0,0.3872425035271043,0.9262725641389637,1.5,1.32,7.48,4.43,51.1,-2.6,-1.33,94.9
Hungary,2015,BB+,0,0.2751127270226869,1.3486041368894635,2.9,2.81,6.81,3.66,96.34,-2.0,2.12,33.12
Romania,2015,BBB-,0,0.3953398349025938,0.8167274755428876,6.77,3.26,6.81,3.16,37.8,-0.6,-0.64,38.7
Argentina,2015,B-,2,-0.0524945062568821,1.335267033566744,24.92,26.58,7.58,2.73,52.6,-5.8,-2.96,25.52
Pakistan,2015,B-,0,0.3752472455423923,1.0634071596488506,10.16,4.44,3.57,4.22,64.2,-5.3,-0.93,20.03
"Egypt, Arab Rep.",2015,B+,0,0.43621810286538343,1.5178237006692072,11.62,9.93,13.05,4.37,88.5,-11.5,-5.24,15.86
Ghana,2015,B+,2,-0.19282111415035164,1.9607231915418128,25.5,13.25,6.81,2.12,71.8,-5.3,-5.71,5.74
Nigeria,2015,BB-,0,0.36562863535591833,1.6564282604346159,16.85,2.86,4.14,2.65,19.6,-3.7,-3.13,29.01
Tunisia,2015,BB+,0,0.40688790038885825,2.072029296820924,4.25,4.21,15.16,0.97,53.4,-4.8,-8.57,7.56
Ukraine,2015,CCC-,2,0.058095123608429076,3.6968185446806507,21.82,38.88,9.14,-9.77,70.26,-1.2,5.53,13.3
Sri Lanka,2015,B+,0,0.4020437990408784,0.948602007965351,6.96,3.01,4.52,4.21,73.51,-7.6,-2.21,7.3
United States,2016,AA+,0,0.28160757427300326,1.5776388960736998,3.51,0.95,4.87,1.82,97.93,-3.1,-2.11,405.94
Canada,2016,AAA,0,0.3862080476470272,1.0833821106570731,2.7,0.72,7.04,1.04,56.02,-1.0,-3.09,82.72
United Kingdom,2016,AAA,0,0.2347405822548228,2.7757322965217353,0.25,1.96,4.87,1.92,156.6,-3.0,-5.5,134.93
Germany,2016,AAA,1,0.08293733847633959,0.8812348436030787,0.0,1.26,4.1,2.29,68.9,1.0,8.9,184.03
France,2016,AA+,0,0.30592968192007963,1.6106815064288236,0.0,0.52,10.06,0.86,98.0,-3.6,-0.54,145.87
Italy,2016,BBB+,0,0.2193961472983498,2.327680616651794,3.5,1.25,11.69,1.24,134.8,-2.5,2.46,135.13
Spain,2016,BBB-,0,0.2368711394755746,2.934331712729657,0.0,0.37,19.64,2.92,105.97,-4.3,3.16,63.04
Netherlands,2016,AAA,1,-0.03733236991118851,1.2228257796767925,0.0,0.57,6.01,2.42,61.9,0.0,7.15,35.91
Sweden,2016,AAA,0,0.2582414170754149,1.3249741800965715,-0.5,1.65,6.99,2.35,42.3,0.9,1.85,59.36
Switzerland,2016,AAA,1,0.05109286183160789,1.3955504138154495,2.65,-0.58,4.92,2.07,19.38,0.3,7.28,678.91
Australia,2016,AAA,0,0.4156949114263033,0.945367151413109,5.42,-0.66,5.71,2.76,54.68,-2.4,-3.62,52.48
Japan,2016,A+,1,0.06120075519186631,4.544068633812265,1.04,0.42,3.13,0.75,235.6,-3.7,3.94,1216.52
"Korea, Rep.",2016,AA,1,0.014004238411518946,0.9347585368531703,3.37,1.99,3.65,2.95,38.07,1.0,6.53,370.15
Singapore,2016,AAA,1,0.17787815629190268,2.112298812707673,5.35,0.52,4.08,3.75,108.85,3.6,18.01,251.06
Norway,2016,AAA,1,-0.12810770708596497,1.5648625956375328,3.07,-1.6,4.68,1.16,36.3,3.6,3.98,60.45
China,2016,AA-,1,0.07131743065090022,5.7670951342143,4.35,1.48,4.56,6.78,44.3,-3.7,1.67,3097.66
India,2016,BBB-,0,0.34454739466454465,1.5551025097003974,9.67,3.24,7.6,8.26,47.63,-6.9,-0.53,361.69
Indonesia,2016,BB+,0,0.37751198187841833,1.338210579968192,11.89,2.44,4.3,5.03,28.3,-2.5,-1.82,116.37
Malaysia,2016,A-,0,0.23225946764319927,1.3817930590924667,4.53,1.66,3.44,4.45,51.89,-3.1,2.37,94.48
Thailand,2016,BBB+,1,0.11887336317678852,1.4198676744558458,4.47,2.64,0.69,3.44,37.31,-2.6,10.51,171.77
Philippines,2016,BBB-,0,0.2981629245588712,1.7137526325501697,5.64,1.28,2.7,7.15,39.0,-2.4,-0.38,80.67
Brazil,2016,BB+,2,0.2007054484104191,2.94608428978717,52.1,8.1,11.58,-3.28,73.42,-9.0,-1.7,364.98
Mexico,2016,BBB-,0,0.3522130785499508,1.176064973366007,4.75,6.08,3.85,1.77,48.0,-2.6,-2.27,177.97
Chile,2016,AA-,0,0.3862900961062266,1.2354268517903753,5.59,4.56,6.67,1.75,21.3,-2.7,-2.62,40.49
Colombia,2016,BBB-,0,0.4533955490637106,0.9827749259339984,14.65,5.15,8.92,2.09,66.91,-4.0,-4.45,46.17
South Africa,2016,BBB,0,0.2566045254665045,3.890928949308431,10.46,6.95,26.54,0.66,53.74,-3.9,-2.63,47.18
Turkiye,2016,BB+,0,0.4324168420246653,1.0650676825224996,8.0,8.13,10.9,3.32,30.03,-1.5,-2.55,104.81
Poland,2016,A-,0,0.354078579619031,1.0043959573497696,1.5,0.08,6.14,3.03,54.2,-2.4,-1.07,114.33
Hungary,2016,BBB-,1,-0.1513329537075732,1.4415211818335851,2.09,1.32,5.12,2.44,96.5,-1.6,4.4,25.82
Romania,2016,BBB-,0,0.404590918469961,0.9222005831974563,5.71,2.62,5.9,2.86,37.3,-2.6,-2.1,39.95
Argentina,2016,B-,2,0.19937586404731736,1.433903615174964,31.23,41.12,8.09,-2.08,57.6,-5.9,-2.71,38.41
Pakistan,2016,B-,0,0.34486506656195404,1.58043022524599,8.76,0.92,2.28,6.57,67.6,-4.6,-2.29,22.03
"Egypt, Arab Rep.",2016,B+,0,0.42343763811411467,1.629811924316534,13.6,6.25,12.45,4.35,96.9,-12.5,-6.16,23.64
Ghana,2016,B+,2,-0.1793211996796868,1.9339988063370093,25.5,15.75,5.23,3.37,73.3,-9.3,-5.04,5.87
Nigeria,2016,BB-,0,0.23806919089893133,2.148700115194385,16.87,9.54,4.5,-1.62,23.4,-4.6,1.25,28.02
Tunisia,2016,BB+,0,0.4058223843514842,2.102457871704716,4.25,4.93,15.56,1.12,62.3,-6.1,-8.53,6.14
Ukraine,2016,CCC-,0,0.296128790480828,1.573717811657423,19.24,17.1,9.35,2.44,71.81,-2.2,-2.0,15.54
Sri Lanka,2016,B+,0,0.39554010558161595,1.1196877981306181,10.49,5.44,4.24,5.05,79.3,-5.4,-1.98,6.01
United States,2017,AA+,0,0.27420700032692896,1.5819970959449496,4.1,1.79,4.36,2.46,97.02,-3.4,-1.87,451.29
Canada,2017,AAA,0,0.41153246136436317,0.8395463552285742,2.7,2.57,6.43,3.03,54.46,-0.9,-2.8,86.68
United Kingdom,2017,AAA,0,0.20494187167927694,2.815874116305288,0.5,1.86,4.45,2.66,161.27,-2.3,-3.5,150.86
Germany,2017,AAA,1,0.06288644955894865,0.840789244179741,0.0,1.47,3.78,2.72,64.7,1.3,8.08,199.98
France,2017,AA+,0,0.31545295461827133,1.4697452085052531,0.0,0.59,9.41,2.08,98.3,-3.0,-0.47,156.32
Italy,2017,BBB+,0,0.21642560025366778,2.2805789197932183,3.0,0.71,11.21,1.6,134.1,-2.4,2.48,151.12
Spain,2017,BBB-,0,0.25250409962051656,2.5311211192852823,0.0,1.26,17.22,2.9,106.58,-3.0,2.83,69.4
Netherlands,2017,AAA,1,0.019169743122889004,1.1726975592990632,0.0,1.44,4.84,2.78,56.9,1.3,8.05,38.42
Sweden,2017,AAA,0,0.23922868312959697,1.3980668326116423,-0.5,2.23,6.72,1.83,40.6,1.3,2.07,62.19
Switzerland,2017,AAA,1,0.012401404014471777,1.5633670956636552,2.63,-0.37,4.8,1.36,20.28,1.0,5.34,811.03
Australia,2017,AAA,0,0.4154156282755979,0.8459323965253885,5.25,3.65,5.59,2.28,53.32,-1.9,-3.0,65.65
Japan,2017,A+,1,0.06451619344592885,4.542707273197515,0.99,-0.07,2.82,1.68,235.0,-3.2,4.12,1264.14
"Korea, Rep.",2017,AA,1,-0.06836756082772946,1.0711405528904687,3.48,2.22,3.65,3.16,37.35,1.5,4.64,388.8
Singapore,2017,AAA,1,0.17688754531382908,2.209295164167384,5.28,2.86,4.2,4.48,109.2,5.8,18.6,285.0
Norway,2017,AAA,1,-0.0890942000835437,1.3704554713279224,3.01,4.08,4.16,2.46,36.0,4.6,5.39,65.92
China,2017,A+,1,0.0721416730644023,6.05265805933026,4.35,4.15,4.47,6.89,47.0,-3.8,1.5,3235.68
India,2017,BBB-,0,0.3749797912567849,1.2617660937684274,9.51,3.97,7.62,6.8,47.58,-6.5,-1.44,412.61
Indonesia,2017,BBB-,0,0.36927949883884426,1.3534003773424246,11.07,4.29,3.78,5.07,29.4,-2.5,-1.59,130.22
Malaysia,2017,A-,0,0.22808324787824708,1.521113593154799,4.61,3.78,3.41,5.81,50.05,-3.0,2.81,102.45
Thailand,2017,BBB+,1,0.0974654429834961,1.3168767757451683,4.42,1.9,0.83,4.18,41.9,-2.7,9.63,202.54
Philippines,2017,BBB-,0,0.306555957765578,1.6710317492430988,5.63,2.32,2.55,6.93,39.9,-2.2,-0.65,81.41
Brazil,2017,BB+,2,0.14460053911120438,2.7478094115550142,46.92,3.67,12.79,1.32,83.67,-7.8,-1.22,373.96
Mexico,2017,BBB-,0,0.3468101189955231,1.202406943812385,7.33,6.57,3.42,1.87,46.2,-1.1,-1.8,175.47
Chile,2017,AA-,0,0.386244849865306,1.2417089613653365,4.55,4.83,7.26,1.36,23.6,-2.8,-2.76,38.98
Colombia,2017,BBB-,0,0.4371416369603565,0.9526789650527389,13.69,5.13,9.09,1.36,66.73,-3.6,-3.18,47.13
South Africa,2017,BB+,0,0.25871110876579306,3.9600225082193288,10.38,5.47,27.04,1.16,56.26,-4.3,-2.37,50.72
Turkiye,2017,BB+,0,0.4154756920531176,1.6368863747192952,8.0,10.98,10.92,7.5,29.67,-1.8,-4.09,107.66
Poland,2017,A-,0,0.3482308232697248,1.1913980865211875,1.5,1.77,4.87,5.15,50.6,-1.5,-1.19,113.27
Hungary,2017,BBB-,0,0.24414542131745715,1.5119755291165784,1.48,4.04,4.16,4.12,91.84,-2.0,1.72,28.0
Romania,2017,BBB-,0,0.3714707578043415,1.6795811784933126,5.56,4.65,4.93,8.2,35.1,-2.6,-3.19,44.43
Argentina,2017,B-,2,-0.008930900027870493,1.2511622636413902,26.58,26.01,8.35,2.82,57.1,-6.0,-4.84,55.31
Pakistan,2017,B-,0,0.41237632239937233,1.2376261394495134,8.21,4.03,3.22,4.43,67.2,-5.8,-4.77,18.46
"Egypt, Arab Rep.",2017,B+,2,-0.13499910025556947,2.1595362525290596,18.18,29.52,11.77,4.18,103.0,-10.9,-3.2,36.4
Ghana,2017,B+,0,0.34337232423761094,2.10621872806569,20.0,10.68,3.37,8.13,71.8,-4.7,-3.32,7.02
Nigeria,2017,BB-,0,0.2272138083662959,1.95121213479956,17.55,11.12,4.83,0.81,25.0,-5.6,3.61,40.5
Tunisia,2017,BB+,0,0.4142860851977223,2.1437952070861943,5.75,4.71,15.33,2.24,70.3,-6.0,-10.01,6.14
Ukraine,2017,CCC-,0,0.2864053462677898,1.7047360412169632,16.38,22.1,9.5,2.36,66.73,-1.4,-3.1,18.81
Sri Lanka,2017,B+,0,0.3889861154614438,1.3559329694796431,11.57,5.47,4.05,6.46,77.6,-5.5,-2.45,7.96
United States,2018,AA+,0,0.27922108663508755,1.6061865846701566,4.9,2.29,3.9,2.97,98.45,-3.8,-2.13,449.91
Canada,2018,AAA,0,0.38761413047923166,0.957911414638305,2.225,1.65,5.84,2.74,53.15,-0.4,-2.39,83.93
United Kingdom,2018,AAA,0,0.20318353448806079,2.8179708969626978,0.75,1.92,4.12,1.41,158.16,-2.2,-3.92,172.66
Germany,2018,AAA,1,0.09127063233179604,0.9716946106690729,0.0,1.87,3.38,1.12,61.3,1.9,8.44,198.03
France,2018,AA+,0,0.3139680417759001,1.4760816367064606,0.0,1.11,9.02,1.65,98.1,-2.3,-0.74,166.48
Italy,2018,BBB+,0,0.20235099953597133,2.3206744405639053,2.68,1.07,10.61,0.83,134.4,-2.2,2.57,152.36
Spain,2018,BBB-,0,0.2723574862350476,2.222285713669131,0.0,1.19,15.26,2.4,107.2,-2.5,1.86,70.63
Netherlands,2018,AAA,1,0.06572678985745736,1.2128632991662212,0.0,2.53,3.83,2.26,52.4,1.4,8.84,38.43
Sweden,2018,AAA,0,0.23238912452642538,1.4131640888399648,-0.25,2.62,6.36,1.9,38.8,0.8,2.19,60.57
Switzerland,2018,AAA,1,-0.013001170211978717,1.5343498686045518,2.63,0.76,4.71,2.86,18.68,1.3,5.05,787.02
Australia,2018,AAA,0,0.40707912541749935,0.861300954823373,5.26,1.87,5.3,2.88,54.5,-0.7,-2.56,53.91
Japan,2018,A+,1,0.06381811529278207,4.644505718267484,0.5449999999999999,-0.0,2.47,0.64,237.1,-2.5,3.52,1270.47
"Korea, Rep.",2018,AA,1,-0.0679347753949406,1.076673834862445,3.66,0.48,3.82,2.91,37.56,2.1,4.49,403.08
Singapore,2018,AAA,1,0.16313393044100213,1.7889518175168475,5.33,3.61,3.61,3.45,110.69,3.6,15.69,292.72
Norway,2018,AAA,1,0.026118435026988716,1.3804116651293783,2.93,6.74,3.8,0.83,39.6,7.9,7.95,63.15
China,2018,A+,1,0.0646089681198104,5.94659417945957,4.35,3.47,4.31,6.76,50.6,-4.7,0.17,3168.22
India,2018,BBB-,0,0.3958942209098101,1.18909477547935,9.45,3.88,7.65,6.45,46.52,-6.4,-2.43,399.17
Indonesia,2018,BBB-,0,0.40008996110604056,1.2844989826562707,10.54,3.82,4.39,5.17,30.1,-1.8,-2.94,120.66
Malaysia,2018,A-,0,0.2348167071030514,1.4292119516866608,4.93,0.62,3.3,4.84,51.19,-3.7,2.24,101.45
Thailand,2018,BBB+,1,-0.027367013579886475,1.4059313228610548,4.15,1.43,0.76,4.22,37.91,-2.1,5.62,205.64
Philippines,2018,BBB-,0,0.3479349968071178,1.587904837493925,6.12,3.74,2.34,6.34,39.6,-3.2,-2.56,79.2
Brazil,2018,BB+,2,0.053232259067681253,2.4550638042058845,39.08,4.49,12.33,1.78,86.61,-7.1,-2.81,374.71
Mexico,2018,BBB-,0,0.35141638654255486,1.2149672833207033,8.04,5.2,3.28,1.97,45.4,-2.1,-2.06,176.39
Chile,2018,AA-,0,0.4247637271337293,1.2017775632441532,4.18,1.59,7.62,3.99,25.6,-1.6,-4.48,39.86
Colombia,2018,BBB-,0,0.4608643126186325,0.832596694027777,12.11,4.63,9.36,2.56,71.65,-3.1,-4.2,47.89
South Africa,2018,BB+,0,0.26821613134388195,3.921500125517608,10.08,3.99,26.91,1.56,59.1,-4.2,-3.0,51.64
Turkiye,2018,B+,0,0.20624220897666276,2.085951244820284,24.0,16.51,10.96,3.01,29.21,-2.0,-1.87,93.0
Poland,2018,A-,0,0.3351996553480758,1.4739098515180606,1.5,1.23,3.84,6.25,48.8,-0.2,-1.97,116.96
Hungary,2018,BBB-,0,0.2843934475914414,1.522745249948399,1.47,4.85,3.71,5.61,86.2,-2.1,0.34,31.37
Romania,2018,BBB-,0,0.40976763408078537,1.4162466918998042,6.81,6.19,4.19,6.12,34.7,-2.9,-4.58,42.13
Argentina,2018,B-,2,0.30888443273807653,2.0559790676149103,48.52,42.03,9.22,-2.62,86.2,-5.4,-5.16,66.22
Pakistan,2018,B-,0,0.4172353132866521,1.3608714062090022,8.53,3.84,4.08,6.15,72.1,-6.5,-5.3,11.84
"Egypt, Arab Rep.",2018,B+,0,0.251999328406739,1.9530410671809408,18.32,21.17,9.86,5.33,92.5,-9.7,-2.93,41.84
Ghana,2018,B+,0,0.3823570118364493,1.6353586845366208,17.0,10.57,3.25,6.2,62.4,-7.0,-3.04,6.29
Nigeria,2018,BB-,0,0.2977851776006773,1.621433064043924,16.9,10.23,5.07,1.92,27.5,-4.2,1.73,42.84
Tunisia,2018,BB+,0,0.3978815817083678,2.262209426636704,7.75,7.92,15.46,2.62,77.6,-4.9,-10.79,5.66
Ukraine,2018,CCC-,0,0.3331861555976304,1.5085165767003252,19.0,15.4,8.8,3.49,56.91,-1.7,-4.91,20.82
Sri Lanka,2018,B+,0,0.38613298958392195,1.2088344004786722,11.55,4.3,4.32,2.31,86.8,-5.3,-2.96,6.92
United States,2019,AA+,0,0.2548948113694675,1.738142756665427,5.28,1.65,3.67,2.58,100.06,-4.6,-2.05,516.7
Canada,2019,AAA,0,0.36141482400800146,1.068325480980095,1.75,1.55,5.69,1.91,53.36,-0.3,-1.95,85.3
United Kingdom,2019,AAA,0,0.17996902509515936,2.8646276150949337,0.75,2.13,3.61,1.62,160.32,-2.3,-2.69,173.57
Germany,2019,AAA,1,0.08153832884633988,0.969703929497337,0.0,2.02,3.16,0.99,59.2,1.5,7.88,224.03
France,2019,AA+,0,0.2825379394578479,1.472127077113154,0.0,1.21,8.41,2.03,97.6,-3.1,0.59,189.01
Italy,2019,BBB+,0,0.17540056341495353,2.3743965162016445,2.6,1.05,9.95,0.43,134.3,-1.5,3.23,175.4
Spain,2019,BBB-,0,0.2619505074519595,2.1619203212346516,0.0,1.43,14.1,1.96,111.29,-2.9,2.12,74.73
Netherlands,2019,AAA,1,0.0018673769597220044,1.2540045997020481,0.0,3.03,3.38,2.3,48.6,1.7,6.8,43.32
Sweden,2019,AAA,1,-0.13041470537356928,1.555272337450981,0.0,2.42,6.83,2.55,35.1,0.6,5.33,55.51
Switzerland,2019,AAA,1,-0.031032984152096047,1.7475585436359575,2.63,-0.1,4.39,1.14,18.95,1.3,3.51,854.93
Australia,2019,AAA,0,0.34163542882933007,0.935294693122712,5.1,3.47,5.16,2.17,60.23,0.0,-0.02,57.99
Japan,2019,A+,1,0.06634915092684623,4.752831501053619,0.1,0.63,2.35,-0.4,238.0,-3.1,3.45,1322.44
"Korea, Rep.",2019,AA,1,-0.09096306650928616,1.1556394870061,3.45,-0.84,3.75,2.24,39.97,0.4,3.61,408.82
Singapore,2019,AAA,1,0.1590298650924474,2.0911647678624146,5.25,-0.42,3.1,1.31,128.08,0.3,15.38,285.48
Norway,2019,AAA,1,-0.1533185215857008,1.5679347294975394,3.24,-0.55,3.68,1.12,41.0,6.7,2.92,66.95
China,2019,A+,1,0.06997617396469398,6.003352083837264,4.35,1.32,4.56,6.07,52.6,-6.3,0.71,3222.89
India,2019,BBB-,0,0.3491572612281044,1.0411662696499147,9.47,2.41,6.51,3.87,74.1,-7.5,-1.05,463.47
Indonesia,2019,BBB-,0,0.37664644224030425,1.3901884004838705,10.37,1.6,3.59,5.02,30.6,-2.2,-2.71,129.19
Malaysia,2019,A-,1,-0.18104839734754352,1.3875453138786475,4.88,0.07,3.26,4.41,52.42,-3.4,3.5,103.63
Thailand,2019,BBB+,1,0.05530713708843974,1.2749831314038502,4.08,1.01,0.72,2.11,38.63,-1.1,7.03,224.36
Philippines,2019,BBB-,0,0.3099424293317193,1.6087342102250939,7.1,0.7,2.24,6.12,39.6,-3.5,-0.81,89.52
Brazil,2019,BB+,2,0.025854203350373934,2.4630407248046944,37.48,4.22,11.94,1.22,92.57,-5.9,-3.47,356.89
Mexico,2019,BBB-,0,0.2616307494727718,1.5859077247570246,8.43,4.32,3.48,-0.39,41.33,-2.3,-0.3,183.06
Chile,2019,AA-,0,0.38791092279684075,1.4776894052190375,2.34,2.57,7.49,0.63,28.2,-2.9,-5.21,40.66
Colombia,2019,BBB-,0,0.4638938780061354,0.9127444970907134,11.77,4.0,10.28,3.19,72.7,-2.5,-4.58,52.65
South Africa,2019,BB+,0,0.23849013777588185,4.291174964804531,10.12,4.61,28.47,0.26,64.59,-5.7,-2.62,55.06
Turkiye,2019,B+,0,0.3207574706680025,1.860036062441875,12.0,13.87,13.73,0.82,33.9,-2.9,1.97,105.62
Poland,2019,A-,0,0.29361468056706996,1.3883873579220714,1.5,3.03,3.27,4.58,45.6,-0.7,-0.27,128.39
Hungary,2019,BBB-,0,0.3081376016236011,1.4311223956916879,1.79,4.75,3.42,5.08,82.91,-2.0,-0.61,31.83
Romania,2019,BBB-,0,0.41830271026881855,1.2656753986600373,7.16,6.95,3.91,3.92,35.2,-4.3,-4.84,42.01
Argentina,2019,B-,2,0.3180696771674849,3.645819234974662,67.25,49.2,9.84,-2.0,89.4,-4.0,-0.78,44.88
Pakistan,2019,B-,0,0.39905438564201523,1.1338231703617447,12.23,9.04,4.83,2.5,84.8,-9.0,-2.67,16.59
"Egypt, Arab Rep.",2019,B+,0,0.4017778725081391,1.383747015773036,16.12,13.62,7.85,5.55,84.2,-8.0,-3.21,44.57
Ghana,2019,B+,0,0.3798221313597458,1.5977519467039234,16.0,8.48,3.16,6.51,62.9,-7.5,-2.73,7.56
Nigeria,2019,BB-,0,0.39558947970163866,1.3877928344071635,15.38,10.38,5.21,2.21,29.1,-4.3,-2.88,38.34
Tunisia,2019,BB+,0,0.39856775315038506,2.271201384650437,7.84,7.14,17.15,1.59,72.9,-4.0,-8.05,7.92
Ukraine,2019,CCC-,0,0.40215061762374615,1.287112355536074,19.82,8.25,8.19,3.2,48.33,-1.8,-2.68,25.32
Sri Lanka,2019,B+,0,0.3350893319634272,1.4854954805425948,11.24,3.87,4.67,-0.22,86.8,-9.6,-2.07,7.65
United States,2020,AA+,0,0.19804234470767848,2.59566269187872,3.54,1.33,8.06,-2.16,124.51,-14.9,-2.78,628.37
Canada,2020,AAA,0,0.2304371923721624,2.5631860501957893,0.25,1.07,9.66,-5.04,74.55,-11.2,-2.01,90.43
United Kingdom,2020,AA,1,-0.06437038376695578,5.226164786990548,0.1,4.97,4.47,-10.3,196.64,-12.5,-2.96,180.05
Germany,2020,AAA,1,0.02202737665295295,2.0294202034627524,0.0,1.76,3.88,-4.1,68.7,-4.3,6.35,268.41
France,2020,AA,0,0.14468680440355514,3.434145300209349,0.0,2.98,8.01,-7.44,115.0,-9.0,-2.0,224.24
Italy,2020,BBB,1,-0.05204908728040125,4.103684375890273,2.33,1.58,9.16,-8.87,154.9,-9.6,3.94,210.69
Spain,2020,A,0,0.10488800529829159,4.799301775532052,0.0,1.13,15.53,-10.94,138.96,-10.1,0.82,81.29
Netherlands,2020,AAA,1,-0.01881598860676541,2.1825541495543956,0.0,2.36,3.82,-3.87,54.5,-3.7,5.72,53.97
Sweden,2020,AAA,1,-0.09438197781630525,2.0646012981567856,0.0,1.79,8.29,-2.01,39.9,-2.7,5.8,58.26
Switzerland,2020,AAA,1,-0.06424142951092111,2.5759624622804016,2.63,-0.7,4.82,-2.14,20.85,-2.6,0.38,1083.4
Australia,2020,AAA,0,0.2562996725594383,1.356106998917068,5.1,1.89,6.46,-0.12,69.32,-6.9,1.87,42.54
Japan,2020,A+,1,0.058016877966123495,5.443989212192251,0.1,0.93,2.81,-4.17,254.1,-9.1,2.97,1390.81
"Korea, Rep.",2020,AA,1,-0.02663598866775919,1.2983555679148522,2.8,1.56,3.93,-0.71,46.43,-3.1,4.62,443.46
Singapore,2020,AAA,1,0.1419266168632138,3.2555455310686283,5.25,-2.39,4.1,-3.81,151.71,-13.9,17.5,369.83
Norway,2020,AAA,0,0.1842213970647876,1.870052105500909,2.7,-2.52,4.42,-1.28,48.5,-2.6,1.15,75.26
China,2020,A+,1,0.0773222537446518,6.171512362703299,4.35,0.53,5.0,2.34,66.3,-11.2,1.66,3357.24
India,2020,BBB-,1,-0.13060088271108555,2.844573181433694,9.15,4.81,7.86,-5.78,89.6,-13.1,1.22,590.23
Indonesia,2020,BBB,0,0.23581762123652772,1.9218941322386112,9.54,-0.4,4.26,-2.07,38.3,-6.1,-0.42,135.92
Malaysia,2020,A-,1,-0.06208682200219926,2.5356155147414445,3.94,-0.82,4.54,-5.46,62.01,-6.2,4.19,107.64
Thailand,2020,BBB+,1,-0.005535118819947941,2.7100446185498934,3.29,-1.3,1.1,-6.05,50.32,-4.6,4.18,258.1
Philippines,2020,BBB+,1,-0.04787084448133054,3.630299464892818,7.1,1.65,2.52,-9.52,54.6,-7.6,3.2,109.99
Brazil,2020,BB-,2,-0.08870201295636207,2.8404404680499833,29.04,6.47,13.7,-3.28,98.71,-13.4,-1.69,355.61
Mexico,2020,BBB,1,-0.08025049547072154,3.3365171920193344,6.34,4.62,4.44,-8.35,45.84,-4.6,2.4,199.07
Chile,2020,A+,0,0.2224352904756084,2.941389361891204,0.5,9.67,10.93,-6.14,32.5,-7.3,-1.95,39.17
Colombia,2020,BBB-,0,0.23169526379737276,3.487414630472283,9.85,1.48,15.98,-7.19,91.16,-7.8,-3.43,58.5
South Africa,2020,BB-,0,0.17048193443103835,5.142364262642669,7.71,5.39,29.22,-6.17,75.73,-10.8,2.0,55.01
Turkiye,2020,B+,0,0.3323476738143345,1.7717127782015836,17.0,14.79,13.15,1.86,41.8,-3.4,-4.3,93.58
Poland,2020,A-,1,-0.11391268778608564,1.8979420038373849,0.1,4.24,3.16,-2.04,57.4,-7.0,2.4,154.22
Hungary,2020,BBB,0,0.18056289120022714,2.5576726268027854,1.96,6.43,4.25,-4.34,95.22,-7.6,-0.85,41.35
Romania,2020,BBB-,0,0.2925921035066463,2.2024078830829223,6.49,4.11,5.04,-3.67,47.3,-9.2,-5.11,52.19
Argentina,2020,CCC-,2,0.13921624081421832,3.459557171397157,29.39,40.08,11.46,-9.9,103.0,-8.5,0.7,39.4
Pakistan,2020,B-,0,0.2995378309162046,1.6460279096192172,10.76,9.94,6.13,-1.27,87.2,-8.1,-0.22,18.52
"Egypt, Arab Rep.",2020,B,0,0.44201997428607304,0.9474234959174372,11.37,6.18,7.97,3.55,90.2,-7.9,-3.71,38.97
Ghana,2020,B,0,0.35189810411912326,1.5730129964129222,14.5,9.37,3.31,0.51,79.0,-15.2,-3.05,7.88
Nigeria,2020,B-,0,0.3405905564877144,1.8210451274106962,13.64,7.85,5.74,-1.79,34.8,-5.4,-3.7,36.73
Tunisia,2020,B-,0,0.21947497609280134,4.100629696416455,6.75,6.81,17.66,-9.01,87.6,-9.3,-6.01,9.81
Ukraine,2020,CCC-,0,0.2124683536910456,2.3356426689438106,14.29,10.29,9.48,-3.75,58.72,-5.3,3.36,29.14
Sri Lanka,2020,B-,0,0.20224522321813837,2.57227259691193,4.5,3.1,5.36,-4.62,101.0,-11.1,-1.41,5.66
United States,2021,AA+,0,0.24415178149876998,2.2710332711347117,3.25,4.57,5.35,6.06,118.4,-12.4,-3.63,716.15
Canada,2021,AAA,0,0.35039561697401256,1.18442127336063,0.25,7.79,7.53,5.95,68.78,-4.7,-0.02,106.62
United Kingdom,2021,AA,0,0.1290507362135279,3.6784935293404972,0.1,0.07,4.83,8.58,186.79,-7.6,-0.44,194.18
Germany,2021,AAA,1,0.01507068537081951,0.7726459728269507,0.0,2.8,3.59,3.67,69.0,-3.7,6.93,295.74
France,2021,AA,0,0.2629158021979819,1.9373073103405098,0.0,1.22,7.87,6.88,112.9,-6.5,0.24,244.28
Italy,2021,BBB,0,0.18192032420951823,2.918167997376287,2.03,1.28,9.5,8.93,149.9,-8.8,2.12,227.48
Spain,2021,A,0,0.25767840533818515,2.637853672161967,0.0,2.56,14.78,6.68,132.55,-6.9,0.77,92.2
Netherlands,2021,AAA,1,0.03986122115203416,1.578275867925831,0.0,2.75,4.21,6.28,52.1,-2.5,10.28,64.47
Sweden,2021,AAA,0,0.1629513266733738,1.8877698070494213,0.0,2.74,8.72,5.94,36.7,-0.2,6.18,62.05
Switzerland,2021,AAA,1,0.03620393853411551,1.9935705484679473,2.64,1.32,5.01,5.56,19.94,-0.2,7.06,1109.82
Australia,2021,AAA,0,0.2475517529146174,1.1796465574674175,5.1,3.08,5.12,2.11,70.01,-6.5,2.61,57.88
Japan,2021,A+,1,0.06216813063363404,5.158420890884768,0.1,-0.2,2.83,2.7,256.9,-6.2,3.9,1405.75
"Korea, Rep.",2021,AA,1,-0.07491561107351032,0.9553020768494,2.88,2.76,3.64,4.3,48.96,-2.7,4.69,463.28
Singapore,2021,AAA,1,0.11381066391701192,3.542887027856581,5.25,10.93,4.64,9.76,149.29,-1.0,19.8,425.1
Norway,2021,AAA,1,0.09165718993524409,2.2184911781107073,2.27,20.21,4.36,3.91,42.3,9.3,14.8,84.27
China,2021,A+,1,0.07341825512066921,6.509397841208154,4.35,4.47,4.55,8.57,68.9,-5.1,1.94,3427.93
India,2021,BBB-,0,0.25935584479223417,2.2579201030550626,8.7,8.35,6.38,9.69,88.4,-9.2,-1.06,638.48
Indonesia,2021,BBB,0,0.33417104311534906,1.1366462959633992,8.92,6.0,3.83,3.7,40.7,-4.6,0.3,144.91
Malaysia,2021,A-,1,-0.1928181242735123,1.2002170971832933,3.44,5.68,4.64,3.32,63.27,-6.4,3.88,116.92
Thailand,2021,BBB+,0,0.2582288864484387,1.6890484810312876,3.06,1.77,1.22,1.55,58.51,-7.4,-2.12,246.03
Philippines,2021,BBB+,0,0.3637255254949229,1.2278743094266655,7.1,2.28,3.4,5.71,60.5,-8.6,-1.51,108.75
Brazil,2021,BB-,2,-0.08007002586655722,2.164457677104914,30.02,13.05,13.16,4.76,85.01,-4.3,-2.42,362.21
Mexico,2021,BBB,0,0.32890857467770124,1.3182598813717448,4.89,4.49,4.02,6.05,44.86,-3.5,-0.35,207.8
Chile,2021,A+,0,0.35546972362078744,2.510446494692306,4.0,6.87,9.28,11.31,36.3,-7.7,-7.28,51.25
Colombia,2021,BBB-,0,0.35908340158046353,2.522919353275947,9.34,7.8,13.9,10.8,80.37,-7.1,-5.64,58.02
South Africa,2021,BB-,0,0.17781962888280906,5.432327486768744,7.04,6.54,34.01,4.96,73.81,-6.7,3.76,57.6
Turkiye,2021,B+,0,0.22432848761760021,3.133589688963408,14.0,28.97,11.97,11.44,42.58,-2.7,-0.76,111.18
Poland,2021,A-,0,0.30145547846021253,1.6572534925218814,0.1,5.34,3.27,6.93,53.8,-1.9,-1.3,166.03
Hungary,2021,BBB,0,0.35995416385232337,1.648616138588892,2.96,6.17,4.04,7.22,86.37,-7.2,-3.88,43.48
Romania,2021,BBB-,0,0.44431554854363264,1.317379322793614,5.61,5.61,5.59,5.55,48.8,-7.1,-7.18,51.89
Argentina,2021,CCC-,2,0.18161417191144508,3.1705219963244318,35.56,53.8,8.74,10.44,80.3,-4.3,1.36,39.65
Pakistan,2021,B-,0,0.4273130965369421,1.183380129577353,8.67,10.27,6.34,6.51,77.6,-7.1,-3.52,22.81
"Egypt, Arab Rep.",2021,B,0,0.4420747050106394,0.9517672389252504,9.43,4.85,7.44,3.29,89.6,-7.4,-4.38,39.82
Ghana,2021,B,0,0.3832648001866644,1.4822830245608072,14.5,12.11,3.38,5.08,80.1,-12.0,-2.82,9.92
Nigeria,2021,B-,0,0.39726131404354387,1.026398440339044,11.48,10.13,5.45,3.65,37.0,-5.6,-0.74,40.48
Tunisia,2021,B-,0,0.40495953666941503,2.028120511900261,6.25,5.1,16.61,4.74,80.7,-7.4,-5.88,8.85
Ukraine,2021,CCC-,0,0.3211013182665906,1.7543906647729155,13.29,24.8,9.83,3.45,49.6,-3.4,-1.94,30.97
Sri Lanka,2021,B-,0,0.3765658282156468,1.4327963441958536,5.0,8.02,4.98,4.21,104.6,-12.2,-3.71,3.14
United States,2022,AA+,0,0.23161985026099172,2.1824362634621526,4.375,7.13,3.65,2.51,112.82,-5.5,-3.82,706.64
Canada,2022,AAA,0,0.3669955111199763,0.8882305067913493,4.25,7.91,5.28,4.19,59.94,-0.9,-0.29,106.95
United Kingdom,2022,AA,0,0.24168486724542754,2.3319195308873693,3.5,5.44,3.73,4.84,141.24,-5.5,-2.28,176.41
Germany,2022,AAA,1,-0.09423480762285069,1.0502628133496845,2.0,6.09,3.12,1.37,66.1,-2.6,3.89,293.91
France,2022,AA,0,0.3094308522196414,1.5506046908077253,2.0,3.22,7.31,2.57,111.8,-4.7,-1.43,242.42
Italy,2022,BBB,0,0.2617922496687037,2.2682620822542536,2.26,3.46,8.07,4.82,144.4,-8.0,-1.73,224.58
Spain,2022,A,0,0.3178870587794999,1.919161923977841,2.0,4.71,12.92,6.18,109.22,-3.8,0.31,92.91
Netherlands,2022,AAA,1,-0.060573652651451156,1.3470729204711283,2.0,6.16,3.53,5.01,50.1,-0.1,6.82,63.35
Sweden,2022,AAA,0,0.2083166198951566,1.4809631120156443,2.5,5.78,7.39,1.46,32.9,0.9,3.77,64.29
Switzerland,2022,AAA,1,0.09061752762051581,1.6128116777894304,2.65,3.04,4.12,3.04,17.59,0.9,8.73,923.63
Australia,2022,AAA,0,0.3289323186625501,1.1205127396223098,5.1,7.18,3.73,4.24,58.05,-1.0,0.34,56.7
Japan,2022,A+,1,0.046903740488069307,5.178512802029421,0.1,0.4,2.6,0.94,260.1,-5.5,2.12,1227.57
"Korea, Rep.",2022,AA,1,-0.17710201669128214,1.2807719283778274,4.29,1.28,2.86,2.61,51.18,-3.6,1.54,423.37
Singapore,2022,AAA,1,0.13548118621712382,3.037571952372542,2.5,14.92,3.59,4.11,154.1,0.4,18.42,296.63
Norway,2022,AAA,1,0.14501436727648656,4.3224088564686465,3.24,28.42,3.23,3.25,35.7,13.6,28.63,72.08
China,2022,A+,1,0.08210940032431127,6.042213892300012,4.35,1.93,4.98,3.13,77.1,-5.6,2.42,3306.84
India,2022,BBB-,0,0.3033861026977044,1.809490790330993,8.57,5.9,4.82,7.61,84.5,-9.1,-2.36,567.3
Indonesia,2022,BBB,0,0.3095198810578013,1.3852108721903837,8.52,9.57,3.46,5.31,39.8,-2.4,1.0,137.22
Malaysia,2022,A-,0,0.2183683729512373,1.9889699018863074,3.91,6.4,3.93,8.86,60.18,-5.6,3.13,114.66
Thailand,2022,BBB+,0,0.2991603108109179,1.6627204051342863,3.14,4.66,0.94,2.58,60.35,-3.8,-3.46,216.5
Philippines,2022,BBB+,0,0.369015800607578,1.7058228885923656,7.1,5.49,2.6,7.58,60.9,-7.3,-4.52,96.04
Brazil,2022,BB-,2,0.09089996317127814,2.0310807695544413,39.4,8.57,9.23,3.02,79.1,-4.5,-2.16,324.67
Mexico,2022,BBB,0,0.35460096521150325,1.1694036419643772,8.18,6.63,3.26,3.71,43.98,-3.8,-1.29,201.12
Chile,2022,A+,0,0.44998787761392395,1.491966256732056,11.25,7.56,8.25,2.15,37.7,-0.6,-8.85,39.1
Colombia,2022,BBB-,0,0.3638004229718517,1.810328674244794,15.81,14.93,10.55,7.33,70.27,-4.3,-6.04,56.7
South Africa,2022,BB-,0,0.1978489521779442,5.21096910178152,8.79,4.99,33.27,1.91,76.24,-4.1,-0.3,60.55
Turkiye,2022,B+,2,0.09288482508971203,6.128668880793197,9.0,96.04,10.46,5.53,35.25,-1.0,-5.1,128.74
Poland,2022,A-,0,0.3622381771514275,1.3670374669983176,6.75,10.69,2.81,5.26,49.2,-3.7,-2.27,166.66
Hungary,2022,BBB,0,0.40892782295448554,1.7235012656588726,10.66,14.18,3.61,4.27,75.3,-6.2,-8.28,41.22
Romania,2022,BBB-,0,0.4395020623272354,1.559343714003345,7.76,12.09,5.61,3.97,47.7,-6.2,-9.22,55.81
Argentina,2022,CCC-,2,0.2880964110488044,3.784271794984614,52.4,69.88,6.8,5.27,84.5,-3.0,-0.63,44.8
Pakistan,2022,B-,0,0.4161588424238414,1.3054259779610742,15.0,13.94,5.48,4.78,75.4,-4.9,-3.26,9.93
"Egypt, Arab Rep.",2022,B,0,0.40688923198345595,1.28298570765535,10.58,10.43,7.34,6.59,89.2,-6.1,-2.21,32.14
Ghana,2022,B,2,0.004395953252076479,1.6767025594087501,27.0,28.18,3.08,3.8,88.1,-11.2,-2.3,5.21
Nigeria,2022,B-,0,0.3452526164685652,1.2988732658703341,12.33,11.31,3.82,3.25,39.3,-6.1,0.21,35.56
Tunisia,2022,B-,0,0.41509589054461066,2.0556754235771293,8.0,3.29,15.3,2.67,83.7,-6.7,-8.83,8.09
Ukraine,2022,CCC-,2,0.02734206647128547,8.591599420422257,18.61,34.92,9.83,-28.76,78.5,-16.0,4.92,28.51
Sri Lanka,2022,CC,2,0.04407669194463795,3.8021552390678925,15.5,47.46,4.53,-7.35,128.0,-10.6,-1.95,1.9
United States,2023,AA+,0,0.21110772949724885,2.264680811299458,5.5,3.6,3.64,2.89,114.76,-6.3,-3.35,773.43
Canada,2023,AAA,0,0.3389222581892707,1.0041869783162842,5.0,1.36,5.42,1.53,62.47,-1.1,-0.63,117.55
United Kingdom,2023,AA,0,0.2447351639284105,2.3725398640773436,5.25,6.89,3.98,0.4,138.64,-4.4,-3.51,177.92
Germany,2023,AAA,1,-0.020204831794274094,1.1182817556848061,4.5,6.14,3.07,-0.27,63.6,-2.5,5.56,322.7
France,2023,AA,0,0.3019504393578711,1.5730293827840829,4.5,5.3,7.34,0.94,110.6,-5.5,-1.04,240.79
Italy,2023,BBB,0,0.22883899176737224,2.1774286663361835,4.89,5.91,7.63,0.72,137.3,-7.2,0.14,247.4
Spain,2023,A,0,0.2878108534223515,1.7253244068903806,4.5,6.24,12.18,2.68,107.26,-3.6,2.65,103.09
Netherlands,2023,AAA,1,0.0581439150649558,1.4292862334092762,4.5,7.34,3.54,0.07,46.3,-0.4,9.26,69.83
Sweden,2023,AAA,1,-0.13148404382964032,1.8064853074687315,4.0,6.04,7.61,-0.11,30.6,-0.6,5.75,60.86
Switzerland,2023,AAA,1,0.026556330343620153,1.6560969271754964,2.86,0.9,4.04,0.68,19.88,0.6,5.31,863.89
Australia,2023,AAA,0,0.33996242530970916,1.073410186781291,5.1,6.51,3.67,3.44,57.2,-1.6,-0.29,61.7
Japan,2023,A+,1,0.05740519146410699,5.254109578363732,0.1,4.07,2.6,1.48,264.0,-5.3,3.72,1294.64
"Korea, Rep.",2023,AA,1,-0.1501760974067178,1.2811661287032599,5.19,2.06,2.68,1.36,52.3,-4.5,1.92,420.93
Singapore,2023,AAA,1,0.14628366853754313,3.247359140029115,3.5,-5.02,3.44,1.82,175.6,-0.9,17.69,359.83
Norway,2023,AAA,1,0.16880434167567465,2.4286007588211898,5.31,-11.08,3.57,0.07,38.9,9.8,17.41,80.46
China,2023,A+,1,0.07827185043052881,6.420794150583025,4.35,-0.51,4.67,5.41,83.0,-5.2,1.44,3449.54
India,2023,BBB-,0,0.23228186421914548,2.2267557812400094,6.5,2.59,4.17,9.19,81.9,-8.8,-0.88,627.79
Indonesia,2023,BBB,0,0.32412074842362104,1.348589393043185,8.93,1.53,3.31,5.05,38.4,-1.6,-0.15,146.36
Malaysia,2023,A-,0,0.2535107458717225,1.2931719115586553,5.32,-1.87,3.87,3.56,64.32,-5.0,1.57,113.46
Thailand,2023,BBB+,1,-0.16057939211116926,1.517160955062828,4.29,1.27,0.73,2.02,61.12,-3.5,1.44,224.47
Philippines,2023,BBB+,0,0.364418614977473,1.396356869504155,7.1,4.6,2.22,5.52,60.1,-6.1,-2.83,103.74
Brazil,2023,BB-,2,0.11424839172247751,2.428497105691307,43.6,5.16,7.95,3.24,83.03,-8.8,-1.27,355.02
Mexico,2023,BBB,0,0.3275392733365671,1.3053055190085616,11.59,4.48,2.76,3.3,45.14,-4.3,-0.7,214.32
Chile,2023,A,0,0.41340917037387853,1.1126020724447812,7.25,6.59,9.01,0.52,38.0,-2.8,-3.13,46.38
Colombia,2023,BB+,0,0.3380171628216437,1.583304450109299,21.03,6.95,9.59,0.71,71.33,-4.3,-2.26,59.04
South Africa,2023,BB-,0,0.19213039671648038,5.013868540655212,11.5,4.8,32.1,0.7,73.6,-4.4,-1.11,62.49
Turkiye,2023,B+,2,0.2622503928449508,3.4292308734302597,42.5,68.23,9.39,5.11,33.11,-5.4,-3.57,140.87
Poland,2023,A-,0,0.2002812390913054,1.6597953810751342,6.75,9.87,2.74,0.25,49.6,-5.1,1.79,193.78
Hungary,2023,BBB,0,0.27218956992594795,1.8837557608895055,15.3,15.21,4.11,-0.84,73.5,-6.7,0.35,45.72
Romania,2023,BBB-,0,0.4388236789624938,1.3081034902395392,9.32,12.77,5.59,2.4,49.4,-5.7,-6.97,73.0
Argentina,2023,CCC,2,0.2013494691971804,10.646275702396146,95.89,135.37,6.14,-1.61,153.3,-2.9,-3.21,23.08
Pakistan,2023,CCC+,2,-0.10352988162005539,1.677526976244524,22.0,25.99,5.41,-0.04,74.3,-7.8,-0.31,13.73
"Egypt, Arab Rep.",2023,B,2,-0.2205279059365906,2.0876466164102934,17.76,24.8,7.33,3.76,95.6,-6.0,-3.17,33.07
Ghana,2023,CCC+,2,0.1518034699081263,1.6876693164550798,30.0,40.11,3.06,3.14,92.4,-7.5,-0.81,3.62
Nigeria,2023,B-,0,0.28557951717207997,1.5668888714639622,14.01,12.62,3.07,2.86,42.5,-5.6,1.77,32.03
Tunisia,2023,CCC,0,0.37254664707950186,1.8554494590388628,8.0,7.27,15.11,0.04,82.4,-6.3,-2.3,9.24
Ukraine,2023,CCC-,2,-0.1936726928856635,2.1311454392698157,22.11,19.87,9.83,5.53,92.1,-20.5,-5.28,40.51
Sri Lanka,2023,CC,0,0.19322744836103095,2.525866026231374,10.0,16.67,6.0,-2.33,120.5,-8.4,1.86,4.41
United States,2024,AA+,0,0.19675012784302276,2.454083802485596,5.5,2.42,4.11,2.8,114.76,-6.3,-4.06,910.04
Canada,2024,AAA,0,0.34452815810908083,0.9530410636346565,3.25,3.04,6.45,1.53,64.97,-1.1,-0.46,119.78
United Kingdom,2024,AA,0,0.2391249293265518,2.2941793214666086,4.75,4.01,4.11,1.1,138.64,-4.4,-2.65,174.6
Germany,2024,AAA,1,0.0012074056109473846,1.0171378316339093,3.65,3.11,3.41,-0.24,63.6,-2.5,5.67,377.94
France,2024,AA,0,0.2669790893617633,1.6365598011491183,3.65,2.31,7.37,1.17,110.6,-5.5,0.09,282.86
Italy,2024,BBB,0,0.18935078420490326,2.250998333598635,5.25,2.11,6.78,0.73,137.3,-7.2,1.13,290.55
Spain,2024,A,0,0.26954521058242625,1.7082331969038396,3.65,2.98,11.39,3.15,107.26,-3.6,3.07,107.77
Netherlands,2024,AAA,1,0.06529693554985734,1.258532950958052,3.65,5.2,3.6,0.98,46.3,-0.4,9.04,79.13
Sweden,2024,AAA,1,-0.13744293842262814,1.760852155051549,2.75,2.79,8.53,0.97,30.6,-0.6,5.96,62.57
Switzerland,2024,AAA,1,0.017366770907667396,1.6646163756632337,2.98,1.29,4.11,1.3,19.88,0.6,5.04,909.37
Australia,2024,AAA,0,0.35444880617283153,1.1477432014706654,5.1,2.63,4.07,1.43,57.2,-1.6,-2.07,60.4
Japan,2024,A+,1,0.06514083654341576,5.226730203401614,0.25,2.87,2.56,0.08,264.0,-5.3,4.82,1230.67
"Korea, Rep.",2024,AA,1,-0.13910942684140784,1.258161478613984,4.73,2.06,2.6,1.36,52.3,-4.5,2.1,418.22
Singapore,2024,AAA,1,0.1374689770045937,3.197735684777237,3.5,3.24,3.18,4.39,175.6,-0.9,17.54,383.95
Norway,2024,AAA,1,0.17044116151662023,1.9326911794381536,6.15,-0.2,3.97,2.1,38.9,9.8,16.5,81.24
China,2024,A+,1,0.08293228480118514,6.399020882528447,4.35,-0.71,4.57,4.98,83.0,-5.2,2.26,3456.02
India,2024,BBB-,0,0.2517212106704163,1.7906416911677336,6.5,3.2,4.2,6.48,81.9,-8.8,-0.82,643.04
Indonesia,2024,BBB,0,0.3315679576223629,1.3495097278518946,8.8,0.89,3.3,5.03,38.4,-1.6,-0.62,155.71
Malaysia,2024,A-,0,0.2695159902442847,1.30443208578853,5.28,0.78,3.83,5.11,64.32,-5.0,1.69,116.23
Thailand,2024,BBB+,1,-0.13691894921148728,1.4145052892480106,4.17,0.93,0.69,2.53,61.12,-3.5,2.15,236.93
Philippines,2024,BBB+,0,0.36940773749199896,1.4727936884691974,7.1,2.91,2.15,5.69,60.1,-6.1,-3.79,106.2
Brazil,2024,BB-,2,0.04888070555585424,2.443622586781822,40.23,3.8,7.63,3.4,83.03,-8.8,-2.66,329.73
Mexico,2024,BBB,0,0.30331009195690395,1.4191367247685416,11.22,4.94,2.71,1.45,45.14,-4.3,-0.9,232.04
Chile,2024,A,0,0.4190580441073619,0.8264720763167904,5.25,7.71,9.06,2.64,38.0,-2.8,-1.47,44.4
Colombia,2024,BB+,0,0.4150754879078381,1.0896132969142083,16.37,5.78,9.61,1.74,71.33,-4.3,-1.73,61.9
South Africa,2024,BB-,0,0.18356765643024803,5.238510251323345,11.62,3.84,33.17,0.58,73.6,-4.4,-0.64,65.43
Turkiye,2024,B+,2,0.30233108374837925,2.884249342819217,50.0,58.48,8.45,3.18,33.11,-5.4,-0.77,154.77
Poland,2024,A-,0,0.2772921474080763,1.345199997118966,5.75,3.59,2.47,2.92,49.6,-5.1,-0.04,223.11
Hungary,2024,BBB,0,0.24841519310007867,1.4026869423499921,9.13,7.32,4.43,0.51,73.5,-6.7,2.27,46.42
Romania,2024,BBB-,0,0.41852081010524844,1.550303645234607,8.76,8.81,5.38,0.81,49.4,-5.7,-8.36,73.39
Argentina,2024,CCC,2,0.1345243768278607,14.854310793118588,61.71,207.92,7.88,-1.72,153.3,-2.9,0.9,29.56
Pakistan,2024,CCC+,0,0.33193382593083626,1.6030690846853282,12.0,21.87,5.47,3.23,74.3,-7.8,0.15,18.41
"Egypt, Arab Rep.",2024,B,2,0.04615697038240532,1.5215430294817602,24.29,33.69,7.2,2.4,95.6,-6.0,-5.72,44.92
Ghana,2024,CCC+,2,-0.01730583903309915,2.06391272915197,29.0,25.37,3.01,5.68,92.4,-7.5,2.03,6.2
Nigeria,2024,B-,1,-0.09836189066989223,2.8125417768645375,27.25,14.45,2.99,3.43,42.5,-5.6,9.17,38.61
Tunisia,2024,CCC,0,0.37003039700179424,1.9142271635042674,8.0,9.56,16.2,1.35,82.4,-6.3,-1.45,9.34
Ukraine,2024,CCC-,0,0.28943948679954734,1.9175130496551025,19.59,12.28,9.83,2.91,92.1,-20.5,-8.35,43.78
Sri Lanka,2024,CC,0,0.3221268036529831,1.736821729878428,8.0,3.84,5.0,5.01,120.5,-8.4,-1.8,6.09
